,Rating,Spec_score,Ram,Battery,Display,Camera,Android_version,Price,Inbuilt_memory,fast_charging,Screen_resolution,Processor,HarmonyOS_version
0,4.65,68,4.0,6000,6.6,50,13.0,9999,128,25,2600,8,0
1,4.2,63,2.0,4000,6.4,13,10.0,9990,32,15,1123,1,0
2,4.3,75,4.0,5000,6.6,50,12.0,11999,64,25,2600,1,0
3,4.1,73,4.0,6000,6.4,48,12.0,11999,64,26,1152,8,0
4,4.1,69,4.0,5000,6.5,13,11.0,11999,64,15,1152,8,0
5,4.4,75,6.0,5000,6.5,50,12.0,11990,128,15,1152,8,0
6,4.1,76,4.0,6000,6.4,48,11.0,11990,64,15,2527,8,0
7,4.1,71,4.0,5000,6.5,48,10.0,11990,64,15,1123,8,0
8,4.05,75,4.0,5000,6.6,50,13.0,11599,64,15,2600,8,0
9,4.5,75,6.0,6000,6.6,50,12.0,12298,128,15,2592,8,0
10,4.25,85,8.0,6000,6.5,50,13.0,14999,128,25,2527,8,0
11,4.4,78,4.0,5000,6.6,50,12.0,14999,128,25,2600,8,0
12,4.05,72,4.0,6000,6.6,50,12.0,14999,64,15,2600,8,0
13,4.4,75,4.0,5000,6.4,48,12.0,14999,128,18,1152,8,0
14,4.05,75,6.0,6000,6.5,48,11.0,14999,128,15,1152,8,0
15,4.1,74,4.0,3500,6.1,48,10.0,14999,64,26,2527,8,0
16,4.2,73,6.0,6000,6.6,50,15.0,14990,128,25,2527,8,0
17,4.75,75,4.0,5000,6.7,50,13.0,14990,128,25,2592,8,0
18,4.75,79,6.0,5000,6.6,50,13.0,14949,128,15,2600,8,0
19,4.3,80,6.0,5000,6.4,64,11.0,19999,128,15,2592,8,0
20,4.2,80,6.0,6000,6.4,64,10.0,19999,64,15,2527,8,0
21,4.2,62,4.0,3500,6.21,13,9.0,19990,64,26,1094,8,0
22,4.5,75,8.0,5000,6.67,50,13.0,19990,128,25,2600,8,0
23,4.1,76,6.0,5000,6.4,48,11.0,19799,128,15,1152,8,0
24,4.75,81,8.0,5000,6.5,50,14.0,19499,128,25,2527,8,0
25,4.15,81,8.0,5000,6.6,50,12.0,18999,128,25,2600,8,0
26,4.4,79,6.0,4500,6.6,50,12.0,18999,128,18,2600,8,0
27,4.75,76,8.0,5000,6.67,64,14.0,18990,128,30,2600,8,0
28,4.4,82,8.0,5000,6.4,64,11.0,18990,128,15,2592,8,0
29,4.15,82,8.0,5000,6.6,50,12.0,20999,128,25,2600,8,0
30,4.35,87,8.0,4500,6.4,12,13.0,29999,256,25,2527,8,0
31,4.25,86,8.0,5000,6.6,50,14.0,29999,256,25,2527,8,0
32,4.35,88,8.0,4500,6.5,12,10.0,29999,128,26,2592,8,0
33,4.3,85,8.0,6000,6.6,50,14.0,29999,128,25,2527,8,0
34,4.25,84,6.0,4500,6.5,48,10.0,29999,128,15,2592,8,0
35,4.15,83,6.0,5000,6.58,50,13.0,29999,128,25,2592,8,0
36,4.2,89,8.0,5000,6.5,64,12.0,28990,256,25,2592,8,0
37,4.5,86,8.0,4500,6.7,64,10.0,28990,128,25,2592,8,0
38,4.45,83,8.0,4500,6.7,64,9.0,30500,128,25,2592,8,0
39,4.75,88,12.0,5000,6.67,50,14.0,30999,256,45,2592,8,0
40,4.25,86,8.0,4500,6.7,64,11.0,39999,128,25,2592,8,0
41,4.35,86,6.0,4500,6.71,64,11.0,39990,128,25,4608,8,0
42,4.1,86,6.0,4500,6.71,64,11.0,39990,128,25,4608,8,0
43,4.45,78,6.0,3400,6.4,24,9.0,39990,128,26,2527,8,0
44,4.6,89,8.0,5000,6.6,50,14.0,38900,256,25,2527,8,0
45,4.2,83,8.0,3300,6.7,50,12.3,37999,128,15,2851,8,0
46,4.0,87,8.0,6000,6.7,108,13.0,37999,128,25,2592,8,0
47,4.1,88,8.0,5000,6.7,64,11.0,37999,256,25,2592,8,0
48,4.55,83,6.0,4050,6.6,50,12.0,37999,128,25,2600,8,0
49,4.15,89,12.0,5000,6.6,50,14.0,41289,256,25,2527,8,0
50,4.0,87,8.0,4500,6.4,50,13.0,41790,256,25,2527,8,0
51,4.75,91,8.0,5000,6.78,108,14.0,42990,128,45,2604,8,0
52,4.55,90,8.0,5000,6.7,108,12.0,42999,128,33,2604,8,0
53,4.2,88,8.0,3900,6.1,50,13.0,49999,128,25,2527,8,0
54,4.5,89,12.0,4300,6.8,12,9.0,49999,256,45,4377,8,0
55,4.0,85,8.0,3300,6.7,50,12.3,49999,256,15,2851,8,0
56,4.1,76,8.0,3300,6.7,50,12.3,49990,128,25,2851,8,0
57,4.0,88,8.0,4800,6.7,64,10.0,49000,128,25,2592,8,0
58,4.1,80,8.0,5000,6.7,48,12.0,47990,128,26,2592,8,0
59,4.05,83,8.0,5000,6.7,108,12.0,44999,128,67,2604,8,0
60,4.0,89,8.0,5000,6.7,108,12.0,44999,128,25,2592,8,0
61,4.55,79,4.0,4500,6.56,25,12.0,44990,64,25,2592,8,0
62,4.75,79,8.0,4200,6.4,12,12.0,51999,128,33,2592,8,0
63,4.35,88,8.0,4200,6.7,50,12.0,54990,256,67,2656,8,0
64,4.0,88,8.0,3900,6.1,50,13.0,54999,256,25,2527,8,0
65,4.0,89,12.0,4500,6.1,108,14.0,59999,256,26,2592,8,0
66,4.25,88,8.0,3700,6.7,50,12.3,59999,128,25,2851,8,0
67,4.35,87,8.0,4500,6.6,50,12.0,59999,128,45,2527,8,0
68,4.2,86,8.0,4500,6.5,12,10.0,59999,128,25,2592,8,0
69,4.5,88,6.0,4500,6.7,48,9.0,57990,128,25,2592,8,0
70,4.35,88,8.0,4500,6.4,108,9.0,64999,256,26,4377,8,0
71,4.2,75,6.0,3300,6.3,12,7.0,65690,64,26,4262,8,0
72,4.35,78,8.0,4400,7.45,50,14.0,69990,128,25,3942,8,0
73,4.1,86,8.0,4500,6.4,12,13.0,69999,128,25,2527,8,0
74,4.05,88,8.0,4000,6.2,64,10.0,69999,128,25,2592,8,0
75,4.4,76,6.0,3500,6.2,12,8.0,70000,64,26,4262,8,0
76,4.05,96,12.0,5000,8.2,50,14.0,199990,256,80,3942,8,0
77,4.45,93,12.0,4400,7.6,50,13.0,184999,1024,25,3942,8,0
78,4.45,92,12.0,4400,8.0,50,14.0,179990,256,25,3942,8,0
79,4.75,91,12.0,4400,7.6,50,12.0,177999,256,25,3942,8,0
80,4.05,93,12.0,4400,7.6,50,13.0,164999,512,25,3942,8,0
81,4.35,92,12.0,4400,7.6,50,12.0,164999,512,25,3942,8,0
82,4.6,96,12.0,5000,6.8,200,14.0,159999,1024,45,4492,8,0
83,4.3,91,12.0,4500,7.63,50,13.0,159999,256,45,3942,8,0
84,4.05,91,12.0,4320,7.6,50,12.0,159999,256,25,3942,8,0
85,4.75,92,12.0,4400,7.6,50,13.0,154999,256,25,3942,8,0
86,4.3,95,12.0,5000,6.8,200,14.0,139999,512,45,4492,8,0
87,4.6,93,12.0,5000,6.8,108,12.0,130376,256,45,4435,8,0
88,4.35,95,12.0,5000,6.8,200,14.0,129999,256,45,4492,8,0
89,4.0,65,4.0,5000,6.56,13,14.0,6990,64,15,1160,8,0
90,4.45,59,2.0,4030,6.22,13,8.0,6999,32,57,1094,8,0
91,4.0,42,1.0,1900,4.5,5,5.0,7499,16,57,409,4,0
92,4.1,67,4.0,5000,6.56,13,14.0,7999,64,15,1160,8,0
93,4.35,60,2.0,5000,6.51,8,11.0,8033,32,10,1152,8,0
94,4.2,59,2.0,4030,6.22,13,8.0,8199,32,57,1094,8,0
95,4.3,61,2.0,5000,6.51,8,11.0,8490,32,57,1152,8,0
96,4.1,72,4.0,5000,6.56,50,14.0,9999,128,15,1160,8,0
97,4.25,69,4.0,5000,6.51,13,12.0,9999,128,10,1152,8,0
98,4.5,65,3.0,5000,6.51,13,11.0,9999,32,57,1152,8,0
99,4.35,54,3.0,5000,6.51,8,12.0,9999,32,10,1152,8,0
100,4.0,66,3.0,5000,6.51,13,12.0,9999,64,10,1152,8,0
101,4.65,75,6.0,5000,6.56,50,14.0,9990,128,15,1160,8,0
102,4.25,72,4.0,5000,6.53,16,9.0,9990,64,18,2527,8,0
103,4.3,65,3.0,5000,6.51,13,11.0,9990,32,57,1152,8,0
104,4.65,65,4.0,5000,6.5,13,10.0,9990,64,57,1111,8,0
105,4.65,70,4.0,5000,6.56,50,13.0,9499,64,15,1160,8,0
106,4.05,69,4.0,5000,6.51,13,11.0,10199,64,18,1152,8,0
107,4.25,72,4.0,5000,6.56,50,13.0,10499,128,15,1160,8,0
108,4.4,66,4.0,5000,6.51,8,12.0,10499,128,18,1152,8,0
109,4.3,75,4.0,5000,6.58,50,13.0,11999,128,18,2600,8,0
110,4.7,67,4.0,6000,6.51,13,13.0,11999,128,15,1152,8,0
111,4.3,74,4.0,5000,6.58,50,12.0,11999,64,18,2600,8,0
112,4.05,74,6.0,5000,6.53,16,9.0,11990,64,18,2527,8,0
113,4.6,68,3.0,5000,6.35,13,9.0,11990,64,57,1111,8,0
114,4.7,71,6.0,5000,6.56,13,13.0,11990,128,57,1160,8,0
115,4.35,68,3.0,5000,6.51,13,11.0,11990,64,57,1152,8,0
116,4.4,75,4.0,5000,6.58,50,12.0,11899,128,18,2600,8,0
117,4.6,72,4.0,5000,6.55,50,12.0,11580,64,18,1160,8,0
118,3.95,74,4.0,5000,6.51,50,11.0,11490,128,18,1152,8,0
119,4.0,67,3.0,5000,6.51,13,10.0,11490,64,18,1152,8,0
120,4.7,73,4.0,5000,6.55,50,12.0,11390,128,18,1160,8,0
121,4.1,75,6.0,5000,6.64,50,13.0,10999,128,44,2579,8,0
122,4.15,51,2.0,2650,5.2,8,6.0,12350,16,57,921,8,0
123,4.5,64,4.0,5000,6.51,13,11.0,12490,128,57,1152,8,0
124,4.3,63,4.0,5000,6.51,13,11.0,12490,128,57,1152,8,0
125,3.75,53,3.0,3000,5.5,13,6.0,15050,32,57,921,8,0
126,4.35,78,6.0,6000,6.72,50,14.0,14999,128,44,2600,8,0
127,4.2,80,8.0,5000,6.58,50,13.0,14999,128,18,2600,8,0
128,4.35,75,6.0,5000,6.55,50,12.0,14999,128,18,1160,8,0
129,4.15,71,4.0,5000,6.51,13,12.0,14999,128,57,1152,8,0
130,4.4,71,8.0,5000,6.51,13,12.0,14999,128,18,1152,8,0
131,4.4,74,6.0,4200,6.53,16,11.0,14999,64,18,2592,8,0
132,4.4,72,6.0,6000,6.78,64,15.0,14990,128,44,2600,8,0
133,4.3,78,4.0,5000,6.58,50,13.0,14990,128,18,2600,8,0
134,4.45,77,8.0,5000,6.55,50,12.0,14990,128,18,1160,8,0
135,4.15,74,4.0,5000,6.51,50,11.0,14990,128,18,1152,8,0
136,4.55,73,6.0,5000,6.51,13,11.0,14990,128,18,1152,8,0
137,4.5,70,4.0,5000,6.56,13,13.0,14990,128,18,1160,8,0
138,4.7,82,8.0,5000,6.67,50,14.0,19999,128,44,2592,8,0
139,4.25,79,6.0,5000,6.67,50,14.0,19999,128,44,2592,8,0
140,4.1,80,8.0,4600,6.64,50,13.0,19990,128,66,2592,8,0
141,4.35,78,8.0,4800,6.67,50,14.0,19990,128,80,2592,8,0
142,4.3,79,8.0,4800,6.67,50,14.0,19990,128,80,2592,8,0
143,4.25,80,12.0,4100,6.58,50,12.0,19990,256,44,2600,8,0
144,4.5,84,8.0,4500,6.44,64,12.0,19990,256,44,2592,8,0
145,4.75,86,8.0,5500,6.78,50,14.0,29999,256,44,2592,8,0
146,3.9,85,8.0,4300,6.56,108,12.0,29999,128,44,2566,8,0
147,4.65,86,8.0,4000,6.44,64,12.0,29999,128,33,2592,8,0
148,4.6,70,8.0,5000,6.78,50,15.0,29990,256,100,5760,8,0
149,4.6,84,8.0,4000,6.44,64,10.0,29990,128,33,2592,8,0
150,4.1,85,8.0,4600,6.78,64,13.0,29990,128,66,2592,8,0
151,4.7,84,8.0,5000,6.64,64,13.0,29990,256,120,2579,8,0
152,4.1,73,8.0,5000,6.67,50,13.0,29990,128,67,2592,8,0
153,4.75,84,8.0,4600,6.78,50,13.0,29799,128,80,3528,8,0
154,4.0,84,8.0,5000,6.78,50,14.0,30739,128,80,3528,8,0
155,4.35,86,12.0,4830,6.56,64,12.0,31398,256,66,2566,8,0
156,4.15,87,8.0,4700,6.67,64,13.0,31990,256,80,2600,8,0
157,4.45,81,8.0,5000,6.78,64,13.0,31990,128,44,2592,8,0
158,4.2,85,8.0,4600,6.78,50,13.0,39999,256,66,2592,8,0
159,4.35,89,12.0,5000,6.82,50,15.0,39990,256,80,3528,8,0
160,4.0,85,12.0,4800,6.67,64,13.0,39990,256,44,2592,8,0
161,4.35,89,8.0,5000,6.7,108,15.0,39990,256,120,3417,8,0
162,4.4,84,8.0,5000,6.78,50,14.0,39990,128,67,2592,8,0
163,4.5,88,8.0,4300,6.56,108,11.0,39990,128,44,2592,8,0
164,4.4,88,12.0,4050,6.44,108,11.0,38990,256,44,2592,8,0
165,4.25,85,12.0,4600,6.78,50,13.0,38799,256,80,3528,8,0
166,4.25,86,12.0,5000,6.78,50,14.0,37999,256,80,3528,8,0
167,4.25,84,8.0,5000,6.6,50,13.0,37990,128,67,2592,8,0
168,4.55,87,8.0,5000,6.78,50,14.0,40990,256,80,3528,8,0
169,4.3,88,12.0,5000,6.8,64,14.0,42990,256,100,3528,8,0
170,4.6,89,12.0,4800,6.7,200,13.0,42990,256,100,2592,8,0
171,4.3,85,8.0,4500,6.5,50,12.0,42999,256,57,2604,8,0
172,4.2,85,8.0,4500,6.5,50,11.0,49999,256,57,2592,8,0
173,4.65,89,8.0,4500,6.78,50,11.0,49990,256,66,2436,8,0
174,4.1,91,12.0,5000,6.78,200,15.0,49940,256,150,3417,8,0
175,4.25,89,12.0,4810,6.78,50,13.0,48990,256,120,3528,8,0
176,4.05,91,12.0,5100,6.78,64,14.0,46990,256,100,3528,8,0
177,4.65,87,12.0,5000,6.68,108,14.0,45990,256,44,2592,8,0
178,4.65,88,12.0,5000,6.78,50,14.0,45210,512,80,3528,8,0
179,4.75,89,12.0,5000,6.8,50,15.0,44990,256,100,3528,8,0
180,4.25,88,8.0,4810,6.78,50,13.0,44990,256,120,3528,8,0
181,4.6,89,8.0,4810,6.78,50,13.0,50999,256,120,3528,8,0
182,4.15,91,12.0,4500,6.78,50,11.0,51999,256,55,4608,8,0
183,4.45,86,8.0,4500,6.78,50,12.0,54999,128,80,2592,8,0
184,4.6,88,8.0,4200,6.56,50,11.0,56990,128,55,2566,8,0
185,4.25,92,12.0,5400,6.78,50,14.0,58990,256,100,3528,8,0
186,4.15,82,8.0,5000,6.8,108,14.0,62990,256,200,3528,8,0
187,4.4,91,12.0,5000,6.78,64,14.0,63999,256,120,3528,8,0
188,4.75,89,8.0,4200,6.56,50,11.0,64990,128,55,2566,8,0
189,4.7,92,16.0,5000,6.78,64,14.0,65490,256,120,3528,8,0
190,4.6,84,12.0,5000,6.82,50,14.0,69990,256,200,3528,8,0
191,4.7,89,8.0,5000,7.0,50,12.0,69990,256,80,4435,8,0
192,4.1,89,12.0,4400,6.74,50,12.6,71990,256,44,2721,8,0
193,4.55,91,12.0,4870,6.78,50,13.0,74899,256,120,3528,8,0
194,4.3,96,12.0,5500,6.78,200,14.0,76990,256,80,3528,8,0
195,4.45,90,12.0,5000,7.0,50,12.0,76990,256,80,4435,8,0
196,4.15,91,12.0,4700,6.78,50,12.0,79999,256,80,4608,8,0
197,4.0,94,12.0,5500,8.03,50,14.0,80990,256,80,5456,8,0
198,4.15,86,12.0,5000,8.2,50,15.0,139990,256,150,4138,8,0
199,4.55,93,12.0,4600,8.03,50,12.0,118990,512,66,4138,8,0
200,4.45,98,16.0,5700,8.03,50,14.0,115990,512,100,5456,8,0
201,4.2,93,12.0,4730,8.03,50,12.0,113990,256,80,4138,8,0
202,4.3,90,8.0,4700,8.02,50,12.0,110990,128,80,4138,8,0
203,4.55,84,12.0,5000,6.8,50,12.6,109990,256,67,2721,8,0
204,4.25,91,12.0,4800,8.03,50,13.0,107990,256,120,4138,8,0
205,4.4,92,12.0,4600,8.03,50,12.0,106990,256,66,4138,8,0
206,4.65,94,12.0,5400,6.78,200,14.0,99990,256,100,4608,8,0
207,4.45,97,12.0,4870,6.82,200,14.0,99990,256,200,4608,8,0
208,4.05,91,12.0,5000,7.8,50,12.6,99990,256,44,3903,8,0
209,4.7,95,12.0,4700,6.78,50,13.0,94999,256,80,4608,8,0
210,4.65,93,16.0,5400,6.78,50,14.0,89999,256,100,3528,8,0
211,4.35,89,12.0,4400,6.78,50,12.6,89990,256,44,2721,8,0
212,4.4,90,12.0,5000,7.0,50,12.0,82990,512,80,4435,8,0
213,4.15,92,12.0,4500,6.78,50,11.0,82990,256,120,4608,8,0
214,4.55,58,2.0,5000,6.5,8,12.0,6950,32,10,1152,8,0
215,4.7,62,3.0,5000,6.5,13,10.0,6950,32,59,1152,8,0
216,4.5,60,3.0,5000,6.5,8,11.0,7199,32,59,1152,8,0
217,4.4,62,3.0,5000,6.5,13,11.0,7450,32,59,1152,8,0
218,4.15,61,4.0,5000,6.52,8,11.0,7480,64,59,1152,8,0
219,4.25,59,2.0,5000,6.5,8,11.0,7499,32,59,1152,8,0
220,4.35,68,3.0,5000,6.5,12,9.0,7499,32,59,1152,8,0
221,4.55,65,3.0,6000,6.52,13,10.0,7790,32,59,1152,8,0
222,4.75,70,4.0,5000,6.74,50,13.0,7815,64,33,1152,8,0
223,4.35,65,4.0,5000,6.5,13,10.0,7850,64,59,1152,8,0
224,4.45,71,4.0,5000,6.6,50,11.0,7919,64,18,2600,8,0
225,4.5,69,4.0,5000,6.74,50,13.0,7920,64,33,1152,8,0
226,4.75,64,3.0,5000,6.5,50,12.0,7945,32,59,1152,8,0
227,4.0,62,4.0,5000,6.5,8,12.0,7950,64,10,1152,8,0
228,4.25,69,4.0,5000,6.5,50,11.0,7980,64,18,1152,8,0
229,3.95,74,4.0,5000,6.6,50,11.0,9999,64,18,2604,8,0
230,4.5,65,4.0,6000,6.5,13,11.0,9999,64,18,1152,8,0
231,4.15,69,4.0,5000,6.5,12,9.0,9999,64,59,1152,8,0
232,4.2,73,4.0,5000,6.78,50,13.0,9990,128,45,2592,8,0
233,4.65,76,6.0,5000,6.72,64,13.0,9990,128,33,2592,8,0
234,4.1,58,4.0,5000,6.59,13,12.0,9990,64,59,1152,8,0
235,4.2,68,4.0,6000,6.56,48,13.0,9990,64,33,1152,8,0
236,4.55,67,3.0,6000,6.52,13,10.0,9990,32,18,1152,8,0
237,4.05,70,4.0,5100,6.7,50,12.0,9990,64,59,1152,8,0
238,4.55,68,3.0,6000,6.52,13,10.0,9893,32,18,1152,8,0
239,4.6,77,6.0,5000,6.74,108,13.0,9820,128,18,2592,8,0
240,4.25,74,4.0,5000,6.4,50,12.0,10299,64,33,2592,8,0
241,4.6,75,8.0,5000,6.74,50,13.0,10390,128,33,1152,8,0
242,4.45,72,4.0,5000,6.67,50,14.0,10499,64,15,1154,8,0
243,4.0,72,4.0,6000,6.5,48,10.0,10499,64,18,1152,8,0
244,4.25,75,4.0,5000,6.72,50,14.0,11999,128,45,2592,8,0
245,4.2,75,4.0,5000,6.72,50,14.0,11999,128,45,2592,8,0
246,4.45,78,6.0,5000,6.72,50,13.0,11999,128,33,2592,8,0
247,4.6,78,6.0,5000,6.5,64,10.0,11999,64,30,2592,8,0
248,4.3,71,4.0,5000,6.52,50,12.0,11999,64,18,1152,8,0
249,4.25,75,4.0,4500,6.6,50,11.0,11999,64,18,2656,8,0
250,4.7,71,4.0,5000,6.52,50,12.0,11999,64,18,1152,8,0
251,4.4,80,8.0,5000,6.72,108,14.0,11990,128,33,2592,8,0
252,4.05,66,4.0,5000,6.5,13,12.0,11990,64,59,1152,8,0
253,4.15,75,4.0,5000,6.72,50,13.0,11910,128,33,2592,8,0
254,4.5,73,4.0,5000,6.5,64,10.0,11749,64,18,1152,8,0
255,4.3,74,4.0,5000,6.67,50,14.0,11499,128,15,1154,8,0
256,4.7,68,4.0,5000,6.5,13,12.0,11499,128,59,1152,8,0
257,4.5,78,4.0,5000,6.4,64,11.0,12251,128,30,2592,8,0
258,4.55,75,4.0,5000,6.6,50,12.0,12490,64,18,2600,8,0
259,3.95,75,4.0,5000,6.5,48,11.0,12490,64,18,2592,8,0
260,4.25,82,8.0,5000,6.43,64,13.0,14999,128,33,2592,8,0
261,4.5,80,8.0,5000,6.72,50,14.0,14999,128,45,2592,8,0
262,4.2,79,6.0,5000,6.78,108,13.0,14999,128,44,2592,8,0
263,4.1,73,6.0,5000,6.5,13,12.0,14999,128,10,1152,8,0
265,4.35,71,6.0,5000,6.72,50,15.0,14990,128,65,2592,8,0
266,4.65,82,8.0,5000,6.4,108,12.0,14990,128,67,2592,8,0
267,4.2,78,6.0,5000,6.6,50,12.0,14990,128,60,2604,8,0
268,4.0,77,6.0,5000,6.72,64,13.0,14844,128,33,2592,8,0
269,4.7,79,8.0,5000,6.6,50,12.0,14499,128,33,2600,8,0
270,4.65,79,8.0,5000,6.72,64,13.0,13999,128,33,2592,8,0
271,4.05,84,8.0,5000,6.4,108,12.0,13999,128,33,2592,8,0
272,4.45,75,4.0,4000,6.4,64,9.0,15299,64,20,2527,8,0
273,4.0,80,6.0,5000,6.67,50,14.0,15329,128,45,2592,8,0
274,4.65,80,8.0,5000,6.72,64,13.0,15749,128,33,2592,8,0
275,4.75,83,8.0,5000,6.4,64,11.0,15990,128,30,2592,8,0
276,4.75,69,6.0,5000,6.72,13,13.0,15990,128,59,2592,8,0
277,4.55,82,6.0,5000,6.72,108,13.0,19999,128,33,2592,8,0
278,4.3,82,6.0,4500,6.4,64,10.0,19999,128,65,2592,8,0
279,4.35,80,6.0,4500,6.6,50,12.0,19999,128,33,2604,8,0
280,4.45,84,8.0,5500,6.78,50,14.0,19990,256,100,3513,8,0
281,4.25,84,8.0,5000,6.67,108,14.0,19990,256,67,2604,8,0
282,4.1,82,8.0,5000,6.8,64,13.0,19990,128,33,2592,8,0
283,4.7,82,8.0,5000,6.6,64,12.0,19990,128,33,2604,8,0
284,4.6,84,8.0,5000,6.67,50,14.0,19783,256,67,2592,8,0
285,4.65,83,8.0,5000,6.7,50,12.0,18999,128,80,2604,8,0
286,4.65,84,8.0,4500,6.4,108,11.0,18999,128,50,2592,8,0
287,4.75,84,8.0,5000,6.67,50,14.0,18990,128,67,2592,8,0
288,4.15,75,8.0,4500,6.62,64,12.0,20499,128,57,2656,8,0
289,4.2,80,6.0,5000,6.6,48,11.0,20500,128,30,2604,8,0
290,4.2,84,8.0,5000,6.67,50,14.0,20599,256,67,2592,8,0
291,4.05,82,8.0,4200,6.57,64,10.0,30049,256,30,2592,8,0
292,4.15,85,8.0,5000,6.74,50,14.0,29999,128,100,3437,8,0
293,4.25,81,8.0,5000,6.73,50,13.0,29999,128,120,2592,8,0
294,4.05,84,8.0,4500,6.55,64,10.0,29999,128,65,2592,8,0
295,4.45,89,12.0,5000,6.7,200,13.0,29996,256,100,2604,8,0
296,4.65,84,8.0,5000,6.74,50,14.0,29990,128,80,2604,8,0
297,4.15,77,8.0,5500,6.8,64,14.0,29990,256,120,3513,8,0
298,4.7,75,8.0,5500,6.74,64,13.0,29990,128,100,3437,8,0
299,4.45,84,12.0,5000,6.7,50,14.0,29990,512,67,2604,8,0
300,4.7,85,8.0,5000,6.67,108,13.0,29990,128,67,2592,8,0
301,4.5,80,6.0,5000,6.55,64,12.0,29990,128,59,2592,8,0
302,4.4,86,8.0,5000,6.7,64,14.0,28979,256,67,2604,8,0
303,4.7,88,8.0,5000,6.7,200,13.0,28339,256,100,2604,8,0
304,4.6,85,8.0,5000,6.74,50,13.0,30999,256,150,3437,8,0
305,4.7,86,12.0,5000,6.62,50,12.0,30999,256,65,2592,8,0
306,4.15,86,12.0,5000,6.7,64,14.0,31089,256,67,2604,8,0
307,4.45,87,16.0,4600,6.74,50,13.0,39999,256,240,3437,8,0
308,4.35,85,8.0,5200,6.74,50,13.0,39999,256,150,3437,8,0
309,4.6,87,12.0,5000,6.43,64,11.0,39999,256,65,2592,8,0
310,4.75,86,8.0,4200,6.57,64,10.0,39999,128,65,2592,8,0
311,4.15,83,8.0,5000,6.8,64,11.0,38999,128,125,4608,8,0
312,4.45,89,12.0,5400,6.78,50,14.0,38990,256,100,3513,8,0
313,4.5,83,8.0,5000,6.7,50,12.0,36999,128,100,2604,8,0
314,4.2,88,8.0,5000,6.7,50,12.0,36990,128,65,2592,8,0
315,4.0,86,12.0,5000,6.74,50,14.0,35999,512,100,3437,8,0
316,4.55,82,8.0,5000,6.62,64,11.0,34999,128,65,2592,8,0
317,4.3,83,12.0,4200,6.57,64,10.0,34999,256,30,2592,8,0
318,4.5,88,8.0,5000,6.74,200,14.0,34990,256,80,2604,8,0
319,4.3,84,8.0,5000,6.62,64,11.0,34990,128,59,2592,8,0
320,4.75,79,8.0,5000,6.73,200,14.0,33999,256,67,2604,8,0
321,4.35,82,8.0,5000,6.62,64,12.0,33999,256,80,2592,8,0
322,4.7,86,12.0,5000,6.74,50,14.0,33999,256,100,3437,8,0
323,4.65,86,12.0,5240,6.74,50,13.0,33990,256,150,3437,8,0
324,4.45,86,8.0,5000,6.7,50,12.0,40990,128,100,2604,8,0
325,4.15,89,24.0,4600,6.74,50,13.0,42990,1024,240,3437,8,0
326,4.45,86,8.0,4600,6.74,50,13.0,44990,128,240,3437,8,0
327,4.75,85,8.0,4500,6.7,50,11.0,44999,258,65,2656,8,0
328,4.15,89,12.0,5500,6.78,50,14.0,49990,256,150,3437,8,0
329,4.1,83,12.0,5500,6.78,50,15.0,49990,512,120,7120,8,0
330,4.45,88,8.0,5050,6.78,50,15.0,49990,256,150,3437,8,0
331,4.4,80,8.0,5000,6.7,50,12.0,49990,128,65,4631,8,0
332,4.75,88,8.0,5200,6.74,108,13.0,49999,256,150,3437,8,0
333,4.75,74,6.0,5000,6.5,13,11.0,14990,128,66,1152,8,0
334,4.4,71,4.0,5000,6.56,13,13.0,13999,128,33,1160,8,0
335,4.7,78,8.0,5000,6.56,50,12.0,13999,128,33,1160,8,0
336,4.25,81,8.0,5000,6.43,50,13.0,13999,128,67,2592,8,0
337,4.5,76,8.0,5000,6.56,50,12.0,13999,128,33,1152,8,0
338,4.5,74,6.0,5000,6.56,13,13.0,15499,128,33,1160,8,0
339,4.6,77,4.0,5000,6.67,50,14.0,15990,256,44,2592,8,0
340,4.55,86,8.0,5000,6.43,100,13.0,19999,256,33,2592,8,0
341,4.7,81,12.0,5000,6.72,50,13.0,19999,256,33,2592,8,0
342,4.55,82,8.0,4500,6.43,64,12.0,19990,128,33,2592,8,0
343,4.25,82,8.0,5000,6.72,64,13.0,19990,128,67,2592,8,0
344,4.25,82,8.0,4000,6.4,64,9.0,19990,128,30,2527,8,0
345,4.35,78,6.0,5000,6.59,50,11.0,18999,128,33,2604,8,0
346,4.45,76,6.0,5000,6.56,50,12.0,18990,128,33,1160,8,0
347,4.75,75,4.0,5000,6.5,48,11.0,18990,64,66,2592,8,0
348,4.2,78,6.0,4000,6.44,16,10.0,18990,128,30,2592,8,0
349,4.6,84,8.0,5000,6.72,64,13.0,20699,256,67,2592,8,0
350,4.25,84,8.0,4800,6.7,108,13.0,20990,128,67,2604,8,0
351,4.7,86,8.0,5000,6.7,64,14.0,20999,256,67,2604,8,0
352,4.55,82,8.0,5000,6.7,64,13.0,20999,256,67,2604,8,0
353,4.7,89,8.0,5000,6.7,50,14.0,29999,256,67,2604,8,0
354,4.45,84,8.0,5100,6.67,64,13.0,29999,128,67,2592,8,0
355,4.0,84,8.0,4310,6.43,48,11.0,29990,128,30,2592,8,0
356,4.45,83,8.0,4300,6.43,64,11.0,29990,128,65,2592,8,0
357,4.35,81,8.0,5000,6.62,50,12.0,29990,128,80,2592,8,0
358,4.2,81,8.0,5000,6.62,50,12.0,29990,128,80,2592,8,0
359,4.05,83,8.0,4200,6.43,50,11.0,29990,128,65,2656,8,0
360,4.3,84,8.0,4350,6.53,64,11.0,28900,128,65,2592,8,0
361,4.65,87,12.0,4600,6.7,50,13.0,30200,256,80,2604,8,0
362,4.6,87,12.0,4500,6.55,50,11.0,30900,256,65,2592,8,0
363,4.05,86,16.0,4500,6.7,50,13.0,39999,256,67,2604,8,0
364,4.4,86,8.0,4800,6.7,108,13.0,38999,128,67,2604,8,0
365,4.2,89,8.0,5000,6.78,50,15.0,36990,256,80,2604,8,0
366,4.5,78,8.0,5000,6.8,108,13.0,35999,128,68,2604,8,0
367,4.75,88,12.0,4600,6.7,50,14.0,35990,256,80,2604,8,0
368,4.35,88,12.0,5500,6.78,50,15.0,34990,256,100,2950,8,0
369,4.25,85,8.0,4500,6.7,50,12.0,42990,256,80,2604,8,0
370,4.65,85,8.0,4500,6.7,50,12.0,42990,256,80,2604,8,0
371,4.45,89,12.0,5000,6.74,50,15.0,44990,256,120,3437,8,0
372,4.7,86,12.0,4500,6.55,50,11.0,44990,512,65,2592,8,0
373,4.35,87,8.0,4500,6.55,50,11.0,44990,128,65,2592,8,0
374,4.6,86,12.0,4000,6.5,48,10.0,44999,256,65,2592,8,0
375,4.55,86,16.0,4700,6.7,50,13.0,45999,256,80,2604,8,0
376,4.6,89,12.0,4200,6.7,48,10.0,47990,256,65,4561,8,0
377,4.4,90,12.0,5000,6.78,64,14.0,47999,256,100,3513,8,0
378,4.15,81,12.0,5000,6.78,64,15.0,49999,256,120,4608,8,0
379,4.6,89,12.0,4700,6.74,64,13.0,49499,256,100,3437,8,0
380,4.0,90,12.0,4500,6.7,50,11.0,50990,256,65,4631,8,0
381,4.15,90,12.0,4880,6.74,50,13.0,54990,256,80,3437,8,0
382,4.0,94,12.0,5000,6.82,50,14.0,69990,256,100,4561,8,0
383,4.45,91,12.0,5000,6.82,50,13.0,71990,256,100,4561,8,0
384,4.65,90,8.0,4500,6.7,50,12.0,78990,256,80,4631,8,0
385,4.35,93,12.0,5000,6.83,50,14.0,79990,256,100,4561,8,0
386,4.15,90,8.0,5000,6.7,50,12.0,79990,256,80,4631,8,0
387,4.05,89,8.0,4800,6.55,50,14.0,84990,256,80,2592,8,0
388,4.65,91,12.0,4300,6.8,50,12.4,84999,256,44,2721,8,0
389,4.3,88,8.0,4300,6.8,50,12.4,89990,128,44,2880,8,0
390,4.4,89,8.0,4300,6.8,50,12.4,89999,256,44,2721,8,0
391,4.3,92,12.0,4520,7.1,50,12.4,94990,256,67,3440,8,0
392,4.5,83,12.0,5000,6.83,50,12.4,99990,256,80,6120,8,0
393,4.3,90,8.0,5000,7.1,50,12.0,99990,256,67,3440,8,0
394,4.55,86,8.0,4000,7.4,50,11.0,134999,256,45,4608,8,0
395,4.15,89,12.0,4260,6.7,48,10.0,129990,512,65,4561,8,0
396,4.15,85,12.0,4820,7.56,50,12.4,119900,256,120,3440,8,0
397,4.55,95,12.0,4805,7.82,50,12.4,114990,512,67,5533,8,0
398,4.05,69,4.0,5000,6.51,13,13.0,10990,128,15,1152,8,0
399,4.2,79,6.0,5000,6.58,50,12.0,11999,128,18,2600,8,0
400,4.45,75,4.0,5000,6.58,50,12.0,12899,64,18,2600,8,0
401,4.65,74,4.0,5000,6.58,50,12.0,12990,64,18,2600,8,0
402,4.75,81,8.0,6000,6.72,50,14.0,13499,128,44,2600,8,0
403,4.1,78,4.0,5000,6.58,50,12.0,13990,128,18,2600,8,0
404,4.25,74,6.0,5000,6.51,13,12.0,13990,128,18,2592,8,0
405,4.65,76,6.0,5000,6.6,50,13.0,14990,64,33,2600,8,0
406,4.0,81,8.0,6000,6.64,50,13.0,15990,128,80,2579,8,0
407,4.2,77,6.0,6000,6.58,50,11.0,15990,128,44,2600,8,0
408,4.75,69,4.0,5000,6.51,13,12.0,15990,128,18,1152,8,0
409,4.0,82,8.0,4500,6.38,64,13.0,15999,128,44,2579,8,0
410,4.7,80,6.0,4500,6.38,64,13.0,17990,128,44,2579,8,0
411,4.05,82,8.0,5000,6.58,50,12.0,17999,128,18,2600,8,0
412,4.55,83,8.0,5000,6.64,64,13.0,18990,128,120,2579,8,0
413,4.6,71,4.0,5000,6.51,13,12.8,18990,128,18,1152,8,0
414,4.45,83,8.0,5000,6.64,64,13.0,19499,256,120,2579,8,0
415,4.75,82,8.0,6000,6.64,64,13.0,19990,128,67,2579,8,0
416,4.3,83,8.0,5000,6.67,50,14.0,19999,128,44,2592,8,0
417,4.55,81,8.0,4500,6.64,64,12.0,19990,128,80,2579,8,0
418,4.5,76,6.0,5000,6.44,50,12.0,19990,128,33,2592,8,0
419,4.6,84,8.0,5000,6.67,50,14.0,21838,256,44,2592,8,0
420,4.55,80,8.0,4600,6.78,64,13.0,22486,128,66,2592,8,0
421,4.1,83,8.0,4700,6.62,64,12.0,22990,128,80,2592,8,0
422,4.15,70,6.0,4500,6.44,50,12.0,22999,128,80,2604,8,0
423,4.55,83,8.0,5000,6.78,50,13.0,29999,128,120,2592,8,0
424,4.75,86,12.0,6000,6.78,50,14.0,29990,256,80,3528,8,0
425,4.3,84,8.0,5000,6.82,50,14.0,29990,128,150,2592,8,0
426,4.4,84,8.0,4500,6.57,64,11.0,29990,128,65,2656,8,0
427,4.7,83,12.0,4880,6.78,50,13.0,28999,256,120,3528,8,0
428,4.5,84,12.0,5160,6.78,50,14.0,26990,256,120,3528,8,0
429,4.65,83,8.0,4400,6.62,48,11.0,25999,128,66,2592,8,0
430,4.05,84,8.0,5000,6.67,108,13.0,25990,128,120,2604,8,0
431,4.35,86,12.0,5160,6.8,64,15.0,30990,256,150,3528,8,0
432,4.05,84,8.0,5000,6.78,50,13.0,32990,256,120,2592,8,0
433,4.6,84,8.0,5000,6.78,50,13.0,33990,128,120,2592,8,0
434,4.15,82,8.0,5160,6.78,50,14.0,34999,128,120,3528,8,0
435,4.1,83,8.0,5160,6.78,50,14.0,36999,256,120,3528,8,0
436,4.75,83,8.0,5000,6.62,64,11.0,37990,128,92,2592,8,0
437,4.6,85,16.0,4880,6.78,50,13.0,38990,256,120,3528,8,0
438,4.3,75,8.0,5000,6.78,50,14.0,39990,256,120,3528,8,0
439,4.3,84,8.0,4200,6.62,50,11.0,39990,128,66,2592,8,0
440,4.4,84,12.0,5160,6.78,50,14.0,38999,256,120,3528,8,0
441,4.55,84,8.0,4350,6.56,48,12.0,42990,128,120,2566,8,0
442,4.45,87,12.0,4700,6.78,50,13.0,43990,256,200,4608,8,0
443,4.65,86,12.0,5000,6.78,50,14.0,44990,256,120,3528,8,0
444,4.15,89,16.0,5000,6.78,50,13.0,44999,256,120,4608,8,0
445,4.3,88,12.0,4800,6.78,50,12.0,49990,256,120,2592,8,0
446,4.55,85,12.0,4350,6.56,48,12.0,52652,256,120,2566,8,0
447,4.3,89,12.0,5000,6.78,64,14.0,52999,256,120,3528,8,0
448,4.55,90,16.0,5000,6.78,64,14.0,57999,512,120,3528,8,0
449,4.65,89,8.0,4700,6.78,50,12.0,58990,256,200,4608,8,0
450,4.75,89,8.0,4700,6.78,50,13.0,58990,256,200,4608,8,0
451,4.65,83,12.0,6000,6.8,108,14.0,64990,256,120,6192,8,0
452,4.1,92,16.0,5100,6.78,64,14.0,64990,256,120,4608,8,0
453,4.15,87,8.0,4700,6.78,50,12.0,64990,256,120,4608,8,0
454,4.7,86,12.0,5000,6.8,200,14.0,72990,512,250,4608,8,0
455,4.45,88,12.0,4700,6.78,50,12.0,76429,256,120,4608,8,0
456,4.05,69,6.0,5000,6.71,8,14.0,6999,128,18,1188,8,0
457,4.55,71,4.0,5000,6.71,50,12.0,6999,64,10,1188,8,0
458,4.4,61,3.0,5000,6.52,8,12.0,7299,32,10,1152,4,0
459,4.2,68,6.0,5000,6.74,50,13.0,7499,128,18,1152,8,0
460,4.6,68,4.0,5000,6.53,13,10.0,7580,64,45,1152,8,0
461,4.25,66,3.0,5000,6.53,13,10.0,7890,32,45,1152,8,0
462,4.5,74,4.0,6000,6.53,48,10.0,7972,64,18,2527,8,0
463,4.35,71,4.0,5000,6.73,50,13.0,7990,64,18,1209,8,0
464,4.05,71,8.0,5000,6.74,50,13.0,7999,256,18,1152,8,0
465,4.75,75,6.0,5000,6.71,50,12.0,7999,128,10,1188,8,0
466,4.5,62,3.0,5000,6.53,13,11.0,7999,32,45,1152,8,0
467,4.0,75,6.0,6000,6.53,48,10.0,8490,64,18,2527,8,0
468,4.45,69,4.0,5000,6.53,13,10.0,8490,64,45,1152,8,0
469,4.45,66,4.0,5000,6.52,8,13.0,8499,64,10,1152,8,0
470,4.35,71,4.0,5000,6.53,13,10.0,8689,64,18,2527,8,0
471,4.5,68,3.0,5000,6.58,13,13.0,8990,64,18,1152,8,0
472,4.65,74,4.0,5000,6.58,50,12.0,8999,64,18,2592,8,0
473,4.75,70,6.0,5000,6.52,8,13.0,8999,128,10,1152,8,0
474,4.2,68,6.0,5000,6.78,50,14.0,8999,128,33,1152,8,0
475,4.15,64,3.0,5000,6.67,13,12.0,8999,32,45,1152,8,0
476,4.6,77,6.0,5000,6.79,50,13.0,9999,128,18,2656,8,0
477,4.0,75,6.0,5000,6.74,50,13.0,9999,128,18,1188,8,0
478,4.0,75,4.0,5000,6.58,50,12.0,9990,64,18,2592,8,0
479,4.25,66,4.0,5000,6.78,50,14.0,9990,128,33,1209,8,0
480,4.45,75,4.0,5000,6.78,50,14.0,9990,128,33,1152,8,0
481,4.55,75,6.0,5000,6.53,13,10.0,9990,128,18,2527,8,0
482,4.05,76,4.0,5000,6.67,48,10.0,9799,64,33,2592,8,0
483,4.45,74,6.0,5000,6.53,13,10.0,9690,64,18,2527,8,0
484,4.4,75,4.0,5000,6.79,50,13.0,9499,128,18,2656,8,0
485,4.75,73,4.0,5000,6.74,50,13.0,9249,128,18,1188,8,0
486,4.35,77,6.0,5000,6.43,64,11.0,10330,64,33,2592,8,0
487,4.4,77,8.0,5000,6.74,50,13.0,10499,256,18,1188,8,0
488,4.3,78,6.0,5000,6.67,48,10.0,10880,64,33,2592,8,0
489,4.0,75,4.0,5000,6.8,64,14.0,10999,128,33,2656,8,0
490,4.15,80,8.0,5000,6.79,50,13.0,11499,256,18,2656,8,0
491,4.65,79,6.0,5000,6.43,64,11.0,11539,128,33,2592,8,0
492,4.75,77,6.0,5000,6.58,50,12.0,11990,128,18,2592,8,0
493,4.15,79,6.0,5000,6.58,50,12.0,12194,128,18,2592,8,0
494,4.45,81,8.0,5000,6.43,64,11.0,12490,128,33,2592,8,0
495,4.0,77,6.0,5000,6.78,50,14.0,12990,128,33,2656,8,0
496,4.55,83,8.0,5000,6.67,64,13.0,12990,256,67,2592,8,0
497,4.2,76,6.0,5000,6.53,64,11.0,12999,64,18,2527,8,0
498,4.4,79,6.0,5000,6.67,48,10.0,13267,128,33,2592,8,0
499,4.5,80,6.0,6000,6.67,64,10.0,13290,64,33,2592,8,0
500,4.5,75,4.0,5000,6.5,48,11.0,13490,64,18,2592,8,0
501,4.2,81,6.0,5000,6.67,48,12.0,13999,128,33,2592,8,0
502,3.95,76,4.0,5000,6.6,50,11.0,13999,64,33,2592,8,0
503,4.35,81,6.0,5000,6.6,50,11.0,14499,128,33,2592,8,0
504,4.4,82,8.0,5000,6.6,50,11.0,14899,128,33,2592,8,0
505,4.25,80,6.0,5000,6.67,64,11.0,14950,64,67,2592,8,0
506,4.4,77,4.0,5000,6.43,64,12.0,14990,64,33,2592,8,0
507,4.3,79,6.0,5000,6.67,50,12.0,14990,128,67,2592,8,0
508,4.6,83,8.0,5000,6.67,108,13.0,14999,128,33,2592,8,0
509,4.2,84,8.0,6000,6.67,64,10.0,15590,128,33,2592,8,0
510,4.5,66,4.0,5000,6.71,64,12.0,15990,64,33,2592,8,0
511,4.35,81,6.0,4500,6.67,64,10.0,15990,128,27,2592,8,0
512,4.4,84,8.0,5000,6.67,48,12.0,15999,256,33,2592,8,0
513,4.2,81,6.0,6000,6.67,64,10.0,15999,128,33,2592,8,0
514,4.35,76,4.0,5000,6.61,50,12.0,15999,64,33,2604,8,0
515,4.7,84,12.0,5000,6.67,108,13.0,16999,256,33,2592,8,0
516,4.65,84,8.0,4500,6.67,64,10.0,16999,256,27,2592,8,0
517,4.1,82,6.0,5000,6.67,64,11.0,17945,128,67,2592,8,0
518,4.5,84,8.0,5000,6.72,50,14.0,17990,256,67,2592,8,0
519,4.3,81,6.0,5160,6.67,108,12.0,17990,128,67,2592,8,0
520,4.1,81,8.0,5100,6.67,64,13.0,19499,256,67,3308,8,0
521,4.05,80,6.0,5000,6.67,108,12.0,19490,128,67,2592,8,0
522,4.7,83,12.0,5100,6.67,64,13.0,20999,256,67,3308,8,0
523,4.1,84,8.0,5000,6.73,50,14.0,21990,128,80,2592,8,0
524,4.55,85,8.0,5000,6.73,50,13.0,21990,128,67,2592,8,0
525,4.5,84,12.0,5100,6.67,64,13.0,21999,512,67,3308,8,0
526,4.75,84,8.0,5000,6.67,64,11.0,21999,128,67,2592,8,0
527,4.15,84,8.0,5000,6.67,108,12.0,22999,256,67,2592,8,0
528,4.5,84,8.0,5000,6.67,64,14.0,24499,256,67,3308,8,0
529,4.2,84,8.0,5080,6.6,64,12.0,24990,128,67,2656,8,0
530,3.95,82,6.0,4500,6.67,64,12.0,25890,128,67,2592,8,0
531,4.4,82,8.0,5065,6.67,64,11.0,25999,256,67,2592,8,0
532,4.25,86,12.0,5000,6.67,64,14.0,26499,512,67,3308,8,0
533,4.45,80,6.0,4200,6.69,64,11.0,27990,128,44,2656,8,0
534,4.45,86,12.0,4500,6.67,64,12.0,27999,256,67,2592,8,0
535,4.6,85,8.0,5080,6.6,64,12.0,28990,256,67,2656,8,0
536,4.75,84,8.0,5000,6.67,64,13.0,29999,256,67,2592,8,0
537,4.6,85,8.0,4500,6.67,64,12.0,29999,128,67,2592,8,0
538,4.4,67,6.0,10500,12.1,8,14.0,29990,128,33,4096,8,0
539,4.5,75,8.0,5000,6.7,64,13.0,29990,128,80,2592,8,0
540,4.4,75,8.0,5000,6.77,50,13.0,31990,128,66,2596,8,0
541,4.15,85,8.0,5000,6.8,108,14.0,32990,128,100,2592,8,0
542,4.65,85,12.0,5000,6.67,64,13.0,33999,256,67,2592,8,0
543,4.1,86,8.0,5000,6.72,50,14.0,34990,128,120,2592,8,0
544,4.65,87,8.0,5160,6.67,64,13.0,36999,256,67,4608,8,0
545,4.15,86,8.0,4700,6.67,64,12.0,39999,128,120,2592,8,0
546,4.35,88,8.0,5500,6.72,108,14.0,40990,128,120,4608,8,0
547,4.4,86,8.0,4500,6.67,64,12.0,42999,128,150,2604,8,0
548,4.65,88,12.0,5500,6.67,50,15.0,45990,512,100,3904,8,0
549,4.6,88,12.0,4700,6.67,64,12.0,46990,256,120,2592,8,0
550,4.7,78,8.0,6000,6.8,50,13.0,14990,256,35,2604,8,0
551,4.0,75,6.0,5000,6.5,48,11.0,14990,128,22,1152,8,0
552,4.4,80,8.0,5000,6.58,50,13.0,14990,128,18,2880,8,0
553,4.1,72,6.0,5200,6.56,13,13.0,14990,128,55,1160,8,0
554,4.5,71,4.0,5000,6.5,50,12.0,13999,64,10,1152,8,0
555,4.3,81,8.0,6000,6.8,50,13.0,13999,256,35,2604,8,0
556,4.1,75,6.0,5000,6.75,50,12.0,13999,128,22,1152,8,0
557,4.05,75,8.0,6000,6.74,50,12.0,13990,128,22,1152,8,0
558,4.1,72,6.0,6000,6.74,50,12.0,13990,128,22,1152,8,0
559,4.65,80,8.0,5800,6.78,108,13.0,15990,128,33,3235,8,0
560,4.7,83,8.0,6000,6.8,108,13.0,19990,256,35,2604,8,0
561,4.65,80,6.0,6000,6.8,108,13.0,19990,128,33,2604,8,0
562,4.65,71,4.0,5000,6.5,50,12.0,19990,128,22,1152,8,0
563,4.05,78,6.0,4500,6.7,100,12.0,18999,128,22,2579,8,0
564,4.25,83,12.0,4800,6.81,50,13.0,20499,256,66,2579,8,0
565,4.65,72,8.0,5000,6.72,50,13.0,20999,128,44,2579,8,0
566,4.65,86,8.0,4500,6.7,108,14.0,29990,256,35,2604,8,0
567,4.0,85,12.0,5000,6.7,50,13.0,29990,256,100,3196,8,0
568,4.05,84,12.0,5000,6.7,50,13.0,29990,256,100,3196,8,0
569,4.7,77,8.0,4700,6.72,50,13.0,29990,128,80,2527,8,0
570,4.6,82,8.0,5100,6.67,64,12.0,27999,256,40,2592,8,0
571,4.65,74,8.0,6000,7.2,64,11.0,27999,128,33,2592,8,0
572,4.65,83,8.0,4600,6.67,64,12.0,27990,256,66,2592,8,0
573,4.45,89,12.0,5000,6.7,200,13.0,27199,512,66,3196,8,0
574,4.5,86,8.0,4800,6.67,54,12.0,30990,256,66,2592,8,0
575,4.05,87,8.0,4800,6.67,160,12.0,30999,256,66,2592,8,0
576,4.75,80,6.0,5100,6.67,64,12.0,31999,128,40,2592,8,0
577,4.7,84,12.0,5800,6.78,108,14.0,32990,256,33,3235,8,0
578,4.3,85,6.0,4300,6.57,108,11.0,32990,128,66,2527,8,0
579,4.65,87,12.0,5000,6.7,50,14.0,34990,256,100,3196,8,0
580,4.7,88,12.0,5000,6.78,50,13.0,39990,256,100,3304,8,0
581,4.65,89,12.0,4800,6.67,160,12.0,39990,256,66,2592,8,0
582,4.7,85,12.0,4800,6.67,54,12.0,38999,256,66,2592,8,0
583,4.15,84,8.0,5300,6.78,108,13.0,34999,256,35,3182,8,0
584,4.15,88,8.0,4500,6.78,54,12.0,42999,256,100,3182,8,0
585,4.2,89,8.0,4800,6.78,160,12.0,43990,256,66,3304,8,0
586,4.4,89,12.0,5000,6.8,108,14.0,44990,256,120,3304,8,0
587,4.05,87,8.0,4100,6.57,40,10.0,44990,128,40,2592,8,0
588,4.35,87,12.0,4800,6.78,64,13.0,44999,256,66,2592,8,0
589,4.15,89,8.0,4500,6.78,54,12.0,49990,256,100,3182,8,0
590,4.75,89,8.0,4400,6.57,50,11.0,49999,128,66,2527,8,0
591,4.15,91,12.0,5450,6.78,50,14.0,51999,256,66,3539,8,0
592,4.45,91,12.0,4500,6.78,200,12.0,54990,256,100,3182,8,0
593,4.6,88,8.0,4100,6.57,40,10.0,54990,128,40,2592,8,0
594,4.2,91,12.0,5000,6.78,200,13.0,55990,256,90,3304,8,0
595,4.25,84,8.0,5000,6.81,50,13.0,56999,128,66,2579,8,0
596,4.55,95,12.0,5400,6.8,180,14.0,66499,256,8,3584,8,0
597,4.4,87,16.0,4500,7.71,50,12.4,67990,256,35,4733,8,0
598,4.75,93,16.0,5450,6.81,50,13.0,77990,512,66,3736,8,0
599,4.3,96,16.0,5600,6.8,180,14.0,79990,512,80,3584,8,0
600,4.1,90,12.0,5000,7.92,50,13.0,79999,256,66,5053,8,0
601,4.7,90,12.0,5100,6.73,54,13.0,79999,256,66,3290,8,0
602,4.4,91,8.0,4600,6.81,50,12.0,89990,256,100,3736,8,0
603,4.4,89,8.0,4500,6.79,50,12.4,89999,256,67,2721,8,0
604,4.3,94,12.0,4600,6.81,50,12.0,94990,512,100,3736,8,0
605,4.1,94,12.0,4600,6.76,50,12.0,94990,512,120,3725,8,0
606,4.6,89,8.0,5000,7.8,50,12.4,99990,256,35,5053,8,0
607,4.5,92,16.0,5000,7.92,50,12.4,102999,256,66,5053,8,0
608,4.75,93,16.0,5000,7.92,50,13.0,187990,1024,66,5053,8,0
609,4.3,92,16.0,5000,7.9,50,12.0,139999,512,66,4507,8,0
610,4.15,89,8.0,5000,7.9,50,12.0,124999,256,66,4507,8,0
611,4.7,98,24.0,5600,6.8,180,14.0,114990,1024,80,3584,8,0
612,4.2,88,8.0,4000,8.0,50,12.4,104999,256,55,5456,8,0
613,4.45,92,12.0,5100,6.81,50,13.0,103999,512,66,3736,8,0
614,4.25,86,8.0,5000,6.7,50,14.0,23999,128,45,2614,8,0
615,4.1,80,6.0,5000,6.55,50,12.0,24990,128,33,2592,8,0
616,4.35,86,8.0,5000,6.7,50,14.0,25999,256,45,2614,8,0
617,4.25,77,8.0,5000,6.72,64,14.0,27990,128,65,2957,8,0
618,4.25,87,12.0,5000,6.7,50,14.0,27999,256,45,2614,8,0
619,3.95,85,8.0,4500,6.55,50,12.0,31999,128,33,2592,8,0
620,4.75,86,8.0,4500,6.55,50,12.0,33999,256,33,2592,8,0
621,4.05,86,12.0,4500,6.55,50,12.0,36999,256,33,2592,8,0
622,4.0,88,8.0,4700,6.7,50,13.0,37999,128,45,2604,8,0
623,4.7,89,12.0,4700,6.7,50,13.0,40299,512,45,2604,8,0
624,4.05,89,12.0,4700,6.7,50,13.0,40999,256,45,2604,8,0
625,4.35,88,8.0,5000,6.67,64,14.0,45990,128,100,2592,8,0
626,4.0,81,8.0,5000,6.73,108,15.0,49990,256,150,6192,8,0
627,4.15,94,12.0,5000,7.8,50,14.0,89999,256,45,3942,8,0
628,4.45,66,4.0,3000,5.6,12,9.0,13999,64,18,2397,8,0
629,4.0,78,6.0,2800,5.7,16,10.0,19999,64,32,2462,8,0
630,4.15,78,6.0,4620,6.34,16,11.0,32999,128,18,2592,8,0
631,4.7,86,8.0,4385,6.1,64,13.0,37999,128,18,2592,8,0
632,4.3,71,6.0,4410,6.14,12,12.0,43999,128,32,2592,8,0
633,4.4,85,8.0,4355,6.3,50,13.0,46999,128,30,2592,8,0
634,4.4,78,8.0,4700,6.3,108,15.0,49990,128,44,2592,8,0
635,4.65,78,8.0,4492,6.1,64,14.0,52999,128,32,2592,9,0
636,4.15,77,8.0,5000,6.03,50,14.0,59990,256,45,2592,8,0
637,4.4,79,8.0,4492,6.1,64,14.0,59999,256,32,2592,9,0
638,4.45,89,12.0,5000,6.7,50,13.0,62999,128,30,4492,8,0
639,4.5,77,8.0,4575,6.2,50,14.0,69999,128,30,2592,9,0
640,4.1,78,8.0,4575,6.2,50,14.0,69999,256,30,2592,9,0
641,4.5,85,8.0,4800,6.2,16,11.0,74990,128,32,2592,8,0
642,4.2,90,12.0,5000,6.7,64,13.0,89999,128,30,4492,8,0
643,4.45,83,12.0,5000,6.1,50,14.0,94990,256,45,4492,8,0
644,4.15,89,8.0,4000,6.7,50,13.0,99990,128,45,2851,8,0
645,4.7,81,12.0,5050,6.7,50,14.0,101999,128,30,4021,9,0
646,4.15,82,12.0,5050,6.7,50,14.0,108999,256,30,4021,9,0
647,4.35,84,12.0,5300,6.71,50,14.0,109990,256,45,4492,8,0
648,4.45,83,12.0,5003,8.3,50,12.0,125990,128,30,6052,8,0
649,4.55,90,12.0,4821,7.6,50,13.0,146990,256,30,4062,8,0
650,4.35,84,12.0,5000,8.02,50,14.0,159990,256,45,4062,10,0
651,4.55,57,2.0,4000,6.6,8,10.0,6990,32,23,1152,1,0
652,4.1,68,4.0,5000,6.6,50,13.0,6999,128,18,1160,8,0
653,4.6,61,4.0,5000,6.6,13,13.0,7190,256,10,1160,8,0
654,4.55,63,4.0,7000,6.8,13,13.0,7299,128,18,1180,8,0
655,4.15,60,2.0,4000,6.6,13,10.0,7299,32,23,1152,1,0
656,4.4,73,8.0,5000,6.6,50,13.0,7309,128,18,1160,8,0
657,4.6,67,4.0,6000,6.56,50,14.0,7394,128,18,1160,8,0
658,4.55,72,8.0,5000,6.56,50,13.0,8990,128,45,1160,8,0
659,4.1,74,8.0,5000,6.6,50,13.0,9999,256,45,1180,8,0
660,4.3,77,8.0,4200,6.52,50,12.0,49990,128,120,2656,8,0
661,4.3,87,8.0,6000,6.78,64,11.0,52999,128,65,2643,8,0
662,4.35,86,8.0,4300,5.9,50,12.0,59999,128,30,2592,8,0
663,4.75,86,8.0,4300,5.9,50,12.0,63990,128,30,2592,8,0
664,4.65,89,16.0,6000,6.59,64,10.0,64999,512,30,2527,8,0
665,4.15,89,8.0,4300,5.92,50,13.0,70990,128,30,2592,8,0
666,4.55,88,16.0,6000,6.78,50,12.0,71990,256,65,2643,8,0
667,4.7,86,12.0,6000,6.78,50,12.0,71999,256,65,2643,8,0
668,4.65,88,16.0,6000,6.78,50,12.0,72999,256,65,2643,8,0
669,4.3,89,8.0,4500,6.0,50,14.0,74990,128,30,2592,8,0
670,4.35,91,16.0,6000,6.78,50,13.0,74999,512,65,2643,8,0
671,4.75,93,16.0,6000,6.78,50,12.4,109900,512,65,2643,8,0
672,4.5,90,16.0,6000,6.78,50,12.4,107990,512,65,2643,8,0
673,4.45,93,16.0,5500,6.78,50,14.0,94999,512,65,2592,8,0
674,4.3,88,18.0,6000,6.78,50,13.0,94990,512,65,2643,8,0
675,4.75,88,18.0,6000,6.78,50,12.0,89999,512,65,2643,8,0
676,4.55,91,12.0,5500,6.78,50,14.0,89990,256,65,2592,8,0
677,4.0,89,18.0,6000,6.78,64,12.0,82999,512,80,2643,8,0
678,4.0,92,12.0,5500,6.78,50,14.0,81990,256,65,2592,8,0
679,4.45,89,18.0,6000,6.78,64,11.0,79999,512,65,2643,8,0
680,4.6,89,16.0,6000,6.78,108,13.0,79990,256,65,2643,8,0
681,4.45,61,2.0,3900,6.26,13,10.0,9499,32,25,1094,8,0
682,4.2,76,4.0,4000,6.8,48,10.0,27999,64,25,2592,1,0
683,4.55,85,6.0,4300,6.8,48,10.0,49999,128,25,2656,8,0
684,4.3,85,6.0,4300,6.8,48,10.0,54999,128,25,2656,8,0
685,4.05,91,8.0,5000,6.8,48,10.0,79990,128,25,2656,8,0
686,4.75,91,8.0,5000,6.82,48,10.0,82990,128,25,2656,8,0
687,4.3,64,3.0,4000,6.09,13,9.0,7124,32,10,1123,8,0
688,4.3,64,3.0,4000,5.2,13,7.0,7290,32,63,2073,8,0
689,4.25,61,4.0,4000,6.09,13,9.0,7499,64,63,1123,1,0
690,4.4,64,4.0,3760,5.99,16,8.0,7499,64,63,1036,8,0
691,4.65,75,4.0,5000,6.53,50,12.0,9990,64,20,1152,8,0
692,4.6,61,3.0,5000,6.5,13,11.0,9499,32,63,1152,1,0
693,4.3,72,4.0,5000,6.5,48,11.0,11490,128,18,1152,8,0
694,4.75,75,4.0,5000,6.51,64,11.0,13990,64,15,1152,8,0
695,4.15,84,8.0,5100,6.67,50,12.0,34990,128,68,2592,8,0
696,4.0,87,12.0,5600,6.92,64,12.0,46990,256,68,2656,8,0
697,4.7,87,16.0,5600,6.67,50,12.0,49990,256,68,2656,8,0
698,4.45,88,12.0,5500,6.92,64,12.0,54990,256,125,2656,8,0
699,4.6,89,16.0,5000,6.5,64,10.0,59999,512,120,2592,8,0
700,4.75,88,12.0,5000,6.92,64,11.0,64999,256,120,2656,8,0
701,4.7,67,6.0,4000,6.2,16,10.0,7499,128,14,1094,8,0
702,4.15,59,4.0,4000,6.67,13,3.0,7990,64,14,1152,8,0
703,4.7,60,4.0,3900,6.5,13,2.0,7990,64,14,2592,4,0
704,4.5,69,6.0,5000,6.53,16,10.0,11990,128,18,1152,8,0
705,4.3,63,6.0,4000,6.5,13,12.0,13990,128,10,1094,8,0
706,4.7,70,4.0,5000,6.7,50,13.0,7999,64,25,1152,8,0
707,4.4,74,4.0,5000,6.72,50,13.0,8199,64,25,2592,8,0
708,4.05,77,6.0,5000,6.72,50,13.0,9499,128,25,2592,8,0
709,4.7,68,4.0,5000,6.5,13,12.0,7999,64,15,1152,8,0
710,4.35,74,4.0,5000,6.6,50,13.0,9099,64,15,2600,8,0
711,4.65,66,4.0,5000,6.5,13,12.0,7599,64,15,1152,8,0
712,4.3,71,4.0,5000,6.5,50,12.0,9490,64,26,1152,8,0
713,4.05,54,2.0,5000,6.5,8,10.0,7899,32,26,1152,4,0
714,4.1,67,3.0,5000,6.5,13,11.0,7499,32,15,1152,8,0
715,4.05,60,2.0,3000,5.7,13,10.0,7999,16,26,1123,8,0
716,4.15,66,3.0,5000,6.5,13,12.0,8499,64,26,1152,8,0
717,4.75,71,4.0,6000,6.6,50,12.0,8999,64,15,2592,8,0
718,4.45,67,3.0,5000,6.5,48,11.0,9499,32,15,1123,8,0
719,4.0,49,1.5,2600,5.0,8,6.0,8999,8,26,518,4,0
720,4.0,63,4.0,5000,6.56,64,13.0,7990,128,18,1152,8,0
721,4.3,68,4.0,5000,6.5,13,12.0,8899,128,15,1152,8,0
722,4.2,64,3.0,5000,6.5,13,12.0,8990,32,18,1152,8,0
723,4.3,68,4.0,5000,6.5,13,10.0,8690,64,15,1152,8,0
724,4.15,79,6.0,6000,6.6,50,13.0,11110,128,25,2600,8,0
725,4.15,76,4.0,6000,6.45,50,14.0,11450,128,25,2527,8,0
726,4.2,71,6.0,6000,6.6,50,13.0,11000,128,25,2600,8,0
727,4.7,77,4.0,6000,6.6,50,13.0,10631,128,25,2600,8,0
728,4.75,75,4.0,5000,6.7,50,13.0,10999,128,25,2592,8,0
729,4.7,74,6.0,5000,6.7,50,13.0,10390,128,25,1152,8,0
730,4.3,69,4.0,5000,6.5,13,12.0,10499,128,26,1152,8,0
731,4.55,70,4.0,5000,6.5,50,12.0,10299,64,15,1152,8,0
732,4.4,72,4.0,5000,6.5,50,12.0,10900,128,15,1152,8,0
733,4.35,71,4.0,5000,6.5,50,12.0,10990,64,15,1152,8,0
734,4.4,72,4.0,6000,6.5,48,11.0,10999,64,15,1152,8,0
735,4.5,70,4.0,5000,6.5,48,11.0,10490,64,15,1123,8,0
736,4.7,83,6.0,6000,6.5,50,13.0,12999,128,25,2527,8,0
737,4.35,75,4.0,6000,6.45,50,14.0,12999,128,25,2527,8,0
738,3.95,82,6.0,6000,6.5,50,13.0,13999,128,25,2527,8,0
739,4.05,79,6.0,6000,6.45,50,14.0,12332,128,25,2527,8,0
740,4.15,77,6.0,6000,6.45,50,14.0,13429,128,25,2527,8,0
741,4.65,82,8.0,5000,6.6,50,13.0,13599,128,15,2600,8,0
742,4.1,78,6.0,5000,6.7,50,13.0,12490,128,25,2592,8,0
743,4.65,76,4.0,5000,6.6,50,13.0,14199,128,15,2600,8,0
744,4.45,75,4.0,5000,6.6,50,12.0,12990,128,25,2600,1,0
745,4.25,77,6.0,6000,6.5,64,13.0,12990,64,26,2592,8,0
746,4.15,81,8.0,6000,6.45,50,14.0,15999,128,25,2527,8,0
747,4.45,75,6.0,6000,6.5,50,14.0,17990,128,25,2527,8,0
748,4.2,80,8.0,6000,6.45,50,14.0,15999,128,25,2527,8,0
749,4.0,84,8.0,6000,6.5,50,13.0,15982,128,25,2527,8,0
750,4.45,76,8.0,7000,6.73,64,15.0,16990,128,35,2600,8,0
751,4.25,79,6.0,5000,6.5,50,14.0,17900,128,25,2527,8,0
752,4.65,79,6.0,5000,6.6,50,12.0,17499,128,25,2600,8,0
753,4.35,80,8.0,5000,6.5,50,14.0,16990,128,25,2527,8,0
754,4.55,70,4.0,5000,6.67,50,13.0,16990,128,25,2600,8,0
755,4.5,80,6.0,5000,6.6,50,12.0,17999,128,25,2600,8,0
756,4.4,75,6.0,6000,6.67,108,15.0,16990,128,25,2592,8,0
757,4.75,79,6.0,5000,6.6,50,13.0,15999,128,15,2600,8,0
758,4.0,79,6.0,5000,6.5,50,13.0,17999,128,25,2527,8,0
759,4.3,75,4.0,5000,6.4,48,12.0,15999,128,18,1152,8,0
760,4.3,81,6.0,6000,6.6,50,12.0,17999,128,25,2592,8,0
761,4.6,87,8.0,5000,6.7,50,14.0,26990,128,45,2592,8,0
762,4.55,86,8.0,5000,6.67,50,14.0,24999,128,45,2592,8,0
763,4.05,89,8.0,6000,6.7,108,13.0,22863,256,25,2600,8,0
764,4.65,85,8.0,5000,6.6,50,14.0,27899,128,25,2527,8,0
765,4.1,87,8.0,5000,6.7,50,14.0,24990,256,45,2592,8,0
766,4.55,87,8.0,5000,6.67,50,14.0,26690,256,45,2592,8,0
767,4.1,85,8.0,6000,6.5,50,13.0,25171,256,25,2527,8,0
768,4.05,84,8.0,5000,6.5,50,14.0,21499,128,25,2527,8,0
769,4.0,86,8.0,5000,6.6,48,13.0,24499,128,25,2527,8,0
770,4.55,83,6.0,5000,6.7,64,11.0,21390,128,25,2592,8,0
771,4.35,85,6.0,7000,6.7,64,12.0,24999,128,33,2592,8,0
772,4.65,89,8.0,5000,6.5,64,12.0,26899,128,25,2592,8,0
773,4.55,82,8.0,5000,6.5,50,14.0,22492,256,25,2527,8,0
774,4.25,85,8.0,5000,6.5,50,14.0,23999,256,25,2527,8,0
775,4.7,86,8.0,5000,6.6,48,13.0,26499,256,25,2527,8,0
776,4.55,85,8.0,4500,6.4,50,13.0,36880,128,25,2527,8,0
777,4.35,88,8.0,5000,6.6,50,14.0,36999,128,25,2527,8,0
778,4.35,87,8.0,4500,6.4,12,13.0,33779,256,25,2527,8,0
779,4.65,86,8.0,3700,6.1,50,12.0,36999,128,25,2527,8,0
780,4.7,86,8.0,4500,6.4,12,12.0,32883,128,25,2527,8,0
781,4.55,88,8.0,5000,6.4,50,13.0,33499,128,25,2527,8,0
782,4.1,86,8.0,4500,6.4,12,13.0,29999,128,25,2527,8,0
783,4.55,89,8.0,5000,6.4,50,13.0,35499,256,25,2527,8,0
784,4.5,79,8.0,5000,6.82,108,14.0,34990,128,50,2592,8,0
785,4.0,87,8.0,4500,6.4,50,13.0,41740,256,25,2527,8,0
786,4.3,80,8.0,5000,6.72,64,13.0,43990,128,45,2527,8,0
787,4.15,84,12.0,5100,6.83,200,14.0,124990,256,65,6192,8,0
788,4.05,94,12.0,5000,6.8,200,13.0,89748,256,45,4446,8,0
789,4.25,89,8.0,4000,6.2,50,14.0,79999,256,25,2527,10,0
790,4.6,93,12.0,5000,6.8,108,12.0,99999,256,45,4435,8,0
791,4.35,82,12.0,4800,6.73,108,14.0,74990,256,67,5760,8,0
792,4.15,89,12.0,4900,6.7,50,14.0,99999,256,45,4492,10,0
793,4.45,94,12.0,5000,6.8,200,13.0,104999,512,45,4446,8,0
794,4.2,94,12.0,5000,6.8,108,12.0,81999,512,45,4435,8,0
795,4.25,93,12.0,5000,6.8,108,10.0,105999,256,25,4608,8,0
796,4.05,94,12.0,5000,6.9,108,10.0,103000,128,45,4608,8,0
797,4.65,88,8.0,4000,6.2,50,14.0,74999,128,25,2527,10,0
798,4.15,72,4.0,5000,6.56,50,14.0,8999,128,15,1160,8,0
799,4.15,71,6.0,5000,6.58,13,11.0,8990,64,18,2600,8,0
800,4.2,68,4.0,5000,6.51,13,12.0,8999,64,10,1152,8,0
801,4.2,64,4.0,5000,6.51,8,13.0,8980,64,18,1152,8,0
802,4.5,53,2.0,5000,6.51,8,12.0,8999,32,10,1152,8,0
803,4.35,54,3.0,5000,6.51,8,12.0,8489,32,10,1152,8,0
804,4.05,66,3.0,5000,6.51,13,11.0,8660,32,57,1152,8,0
805,4.2,64,4.0,5000,6.51,8,13.0,9999,64,18,1152,8,0
806,4.2,75,4.0,6000,6.72,50,14.0,13499,128,44,2600,8,0
807,4.4,78,6.0,5000,6.58,50,13.0,12999,128,18,2600,8,0
808,4.35,75,4.0,5000,6.56,50,13.0,13999,128,15,1160,8,0
809,4.45,80,8.0,5000,6.64,50,13.0,12749,128,44,2579,8,0
810,4.2,77,8.0,6000,6.64,50,13.0,12990,128,44,2579,8,0
811,4.1,79,8.0,5000,6.58,50,12.0,13950,128,44,2600,8,0
812,4.1,71,4.0,5000,6.35,13,9.0,12990,128,57,1111,8,0
813,4.7,77,4.0,5000,6.44,50,12.0,14499,128,44,2600,8,0
814,4.2,79,8.0,5000,6.64,50,13.0,12990,128,44,2579,8,0
815,4.3,78,4.0,5000,6.58,50,13.0,14499,128,18,2600,8,0
816,4.2,80,8.0,6000,6.72,50,14.0,16499,128,44,2600,8,0
817,4.4,73,4.0,5000,6.6,50,13.0,15990,128,18,1160,8,0
818,4.75,79,6.0,4500,6.38,64,13.0,15999,128,44,2592,8,0
819,4.05,77,6.0,5000,6.56,50,13.0,15499,128,15,1160,8,0
820,4.3,83,8.0,5000,6.58,50,13.0,16299,128,18,2600,8,0
821,4.3,81,8.0,6000,6.72,50,14.0,15990,128,44,2600,8,0
822,4.6,79,8.0,5000,6.56,50,13.0,16999,128,15,1160,8,0
823,4.0,79,6.0,5000,6.44,50,12.0,17999,128,44,2600,8,0
824,4.55,74,8.0,5000,6.78,50,13.0,17990,128,44,2592,8,0
825,4.6,82,8.0,4500,6.38,64,13.0,17999,128,44,2592,8,0
826,4.3,82,8.0,4500,6.38,64,13.0,17995,128,44,2592,8,0
827,4.45,80,6.0,5000,6.58,50,12.0,15190,128,18,2600,8,0
828,4.1,82,8.0,5000,6.6,50,13.0,18990,128,33,2600,8,0
829,4.7,86,8.0,5500,6.78,50,14.0,27999,128,44,2592,8,0
830,4.15,86,8.0,5000,6.6,108,14.0,24990,128,80,2592,8,0
831,4.4,81,8.0,4600,6.78,64,13.0,23999,128,66,2592,8,0
832,4.6,85,8.0,5000,6.78,64,13.0,23499,128,44,2592,8,0
833,4.55,83,8.0,5000,6.67,50,14.0,21999,256,44,2592,8,0
834,4.05,81,8.0,4800,6.67,64,13.0,21999,128,44,2592,8,0
835,4.5,82,8.0,4600,6.78,64,13.0,24999,256,66,2592,8,0
836,4.75,82,8.0,4800,6.67,64,13.0,21499,256,44,2592,8,0
837,4.3,76,4.0,5000,6.64,50,13.0,20999,128,15,2579,8,0
838,4.65,81,8.0,5000,6.67,50,14.0,20999,128,44,2592,8,0
839,4.2,86,8.0,5000,6.78,64,13.0,25299,256,44,2592,8,0
840,4.65,83,8.0,4500,6.44,64,12.0,21490,128,44,2600,8,0
841,4.55,83,8.0,5000,6.67,50,14.0,24999,128,44,2592,8,0
842,4.5,80,8.0,6000,6.68,50,14.0,24990,256,44,1160,8,0
843,4.55,82,8.0,4500,6.38,64,13.0,20198,128,44,2592,8,0
844,4.0,84,8.0,5000,6.78,50,14.0,30799,128,80,3528,8,0
845,4.15,88,8.0,5000,6.7,50,14.0,35990,128,100,3528,8,0
846,4.1,85,8.0,4600,6.78,50,13.0,32999,128,66,2592,8,0
847,4.55,85,8.0,5000,6.78,50,14.0,35999,256,80,3528,8,0
848,4.4,84,8.0,4600,6.78,50,13.0,36199,256,80,3528,8,0
849,4.35,89,12.0,5000,6.82,50,15.0,39990,256,80,3528,8,0
850,4.0,86,12.0,4600,6.78,50,13.0,33499,256,80,3528,8,0
851,4.5,84,8.0,4600,6.78,50,13.0,37999,128,66,2592,8,0
852,4.2,86,12.0,4600,6.78,50,13.0,36999,256,66,2592,8,0
853,4.35,86,12.0,4830,6.56,64,12.0,31899,256,66,2566,8,0
854,4.65,88,12.0,5000,6.78,50,14.0,36990,256,80,3528,8,0
855,4.65,88,12.0,5000,6.78,50,14.0,45215,512,80,3528,8,0
856,4.7,92,16.0,5000,6.78,64,14.0,69999,256,120,3528,8,0
857,4.55,91,12.0,4870,6.78,50,13.0,68899,256,120,3528,8,0
858,4.25,89,12.0,4810,6.78,50,13.0,63490,256,120,3528,8,0
859,4.55,75,4.0,5000,6.74,108,13.0,8349,128,18,2592,8,0
860,4.75,70,4.0,5000,6.74,50,13.0,7820,64,33,1152,8,0
861,4.05,75,6.0,5000,6.72,64,13.0,8890,64,33,2592,8,0
862,4.25,74,6.0,5000,6.74,50,13.0,9478,128,33,1152,8,0
863,4.65,76,6.0,5000,6.72,64,13.0,9764,128,33,2592,8,0
864,4.0,73,4.0,5000,6.72,64,13.0,8999,64,33,2592,8,0
865,4.0,76,6.0,5000,6.74,108,13.0,9489,64,18,2592,8,0
866,4.6,70,4.0,5000,6.74,50,13.0,8744,128,33,1152,8,0
867,4.4,73,4.0,5000,6.72,64,13.0,9800,64,33,2592,8,0
868,4.45,63,4.0,5000,6.67,50,14.0,8990,64,15,1154,8,0
869,4.6,65,4.0,5000,6.52,13,11.0,7290,64,59,1152,8,0
870,4.55,75,4.0,5000,6.72,50,13.0,11049,128,33,2592,8,0
871,4.65,76,6.0,5000,6.72,64,13.0,10190,128,33,2592,8,0
872,4.6,75,8.0,5000,6.74,50,13.0,10466,128,33,1152,8,0
873,4.4,75,6.0,5000,6.6,50,11.0,10990,128,18,2600,8,0
874,3.95,74,4.0,5000,6.6,50,11.0,10499,64,33,2604,8,0
875,4.25,75,4.0,5000,6.6,50,11.0,10750,64,33,2604,8,0
876,4.4,71,4.0,6000,6.5,50,11.0,10899,64,18,1152,8,0
877,4.6,72,4.0,5000,6.6,50,11.0,10999,128,18,2600,8,0
878,4.7,77,6.0,5000,6.72,50,14.0,12877,128,45,2592,8,0
879,4.15,77,6.0,5000,6.72,50,14.0,13374,128,45,2592,8,0
880,4.6,75,6.0,5000,6.67,50,14.0,12499,128,15,1154,8,0
881,4.65,79,8.0,5000,6.72,64,13.0,12900,128,33,2592,8,0
882,4.05,78,6.0,5000,6.78,50,14.0,12999,128,67,2592,8,0
883,4.15,78,6.0,5000,6.72,50,13.0,13489,128,33,2592,8,0
884,4.55,75,4.0,4500,6.59,64,12.0,12999,64,33,2656,8,0
885,4.35,81,6.0,5000,6.4,64,11.0,12990,128,30,2592,8,0
886,4.65,75,4.0,5000,6.74,50,14.0,12990,64,67,2592,8,0
887,4.6,78,6.0,5000,6.5,64,10.0,13999,64,30,2592,8,0
888,4.4,80,6.0,5000,6.67,50,14.0,15999,128,45,2592,8,0
889,4.0,80,6.0,5000,6.67,50,14.0,15323,128,45,2592,8,0
890,4.0,84,8.0,5000,6.67,50,14.0,18708,128,67,2592,8,0
891,4.25,82,8.0,5000,6.43,64,13.0,16485,128,33,2592,8,0
892,4.55,83,8.0,5000,6.67,50,14.0,18398,256,45,2592,8,0
893,4.0,83,8.0,5000,6.67,50,14.0,18577,128,67,2592,8,0
894,4.4,78,6.0,5000,6.72,108,14.0,16499,128,45,2592,8,0
895,4.1,83,8.0,5000,6.67,50,14.0,16400,128,45,2592,8,0
896,4.3,82,8.0,5000,6.67,50,14.0,16949,128,45,2592,8,0
897,4.65,74,8.0,5000,6.7,50,14.0,16990,128,80,2600,8,0
898,4.2,85,8.0,5000,6.72,108,15.0,17990,128,67,2592,8,0
899,4.65,84,8.0,5000,6.72,108,13.0,17949,256,67,2592,8,0
900,4.4,81,8.0,5000,6.72,108,14.0,16998,128,45,2592,8,0
901,4.75,83,8.0,5000,6.72,108,13.0,17789,128,67,2592,8,0
902,4.5,79,8.0,5000,6.4,50,12.0,16500,128,33,2592,8,0
903,4.4,86,12.0,5500,6.78,50,14.0,24999,256,120,3513,8,0
904,4.4,82,8.0,5000,6.7,50,14.0,21828,128,67,2604,8,0
905,4.05,85,8.0,5000,6.7,64,14.0,27875,128,67,2604,8,0
906,4.0,80,8.0,5000,6.7,50,14.0,21477,128,45,2592,8,0
907,4.65,83,8.0,5000,6.7,50,12.0,23880,128,80,2604,8,0
908,4.5,85,8.0,4500,6.43,64,11.0,23999,128,65,2592,8,0
909,4.35,82,8.0,5000,6.7,50,14.0,23900,256,67,2604,8,0
910,4.2,84,8.0,5000,6.67,50,14.0,20615,256,67,2592,8,0
911,4.75,83,8.0,5000,6.7,100,13.0,23999,128,67,2604,8,0
912,4.2,84,12.0,4500,6.7,50,12.0,23649,256,150,2604,8,0
913,4.4,86,8.0,5000,6.7,64,14.0,29004,256,67,2604,8,0
914,4.25,81,8.0,5000,6.7,50,14.0,22799,256,45,2592,8,0
915,4.1,83,12.0,5000,6.7,50,14.0,26999,256,67,2604,8,0
916,4.45,82,6.0,5000,6.7,108,13.0,24150,128,67,2604,8,0
917,4.15,84,8.0,5500,6.74,50,14.0,29999,128,120,3437,8,0
918,4.15,86,12.0,5000,6.7,64,14.0,30990,256,67,2604,8,0
919,4.55,88,8.0,5000,6.7,50,12.0,33900,128,65,4631,8,0
920,4.45,90,8.0,4800,6.8,200,14.0,54990,256,250,3437,8,0
921,4.25,89,8.0,5000,6.7,50,12.0,54999,128,65,4631,8,0
922,4.55,80,8.0,5000,6.7,64,12.0,52990,128,80,4631,8,0
923,4.15,88,8.0,5000,8.0,50,11.0,94990,128,65,2656,8,0
924,4.0,91,8.0,5000,7.2,50,12.5,104990,128,67,3440,8,0
925,4.55,88,8.0,4500,6.67,50,12.5,89990,128,67,2721,8,0
926,4.55,78,8.0,6000,6.6,50,14.0,8999,128,30,1160,8,0
927,4.75,80,8.0,5000,6.55,50,12.0,9999,128,33,2592,8,0
928,4.6,75,4.0,6000,6.6,50,14.0,7999,128,30,1160,8,0
929,4.35,65,4.0,5000,6.56,16,14.0,6999,64,15,1152,8,0
930,4.0,71,4.0,6000,6.78,64,10.0,6999,64,47,1152,8,0
931,4.1,71,8.0,5000,6.56,16,14.0,7999,128,15,1152,8,0
932,4.35,75,4.0,5000,6.47,50,11.0,8499,64,20,2592,8,0
934,4.3,73,8.0,5000,6.5,13,13.0,7998,128,10,1152,8,0
935,4.45,67,3.0,5000,6.56,13,14.0,6999,64,18,1152,8,0
936,4.7,67,4.0,5000,6.5,13,13.0,6999,64,10,1152,8,0
937,4.2,74,4.0,5000,6.5,50,13.0,8999,128,10,1152,8,0
938,4.15,70,4.0,5000,6.2,16,8.0,8999,64,47,2425,8,0
939,4.75,64,4.0,5000,6.67,50,14.0,8990,128,18,1152,8,0
940,4.7,70,4.0,5000,6.5,16,12.0,6999,64,10,1152,8,0
941,4.45,71,4.0,5000,6.5,50,12.0,6999,64,10,1152,8,0
942,4.05,75,4.0,5000,6.53,50,12.0,7999,64,20,1152,8,0
943,4.4,69,4.0,5000,6.5,48,10.0,7090,64,47,1152,8,0
944,4.05,70,4.0,5000,6.56,50,14.0,8990,64,15,1160,8,0
945,4.6,73,4.0,5000,6.56,50,14.0,9990,128,15,1160,8,0
946,4.25,77,8.0,5000,6.5,50,14.0,11999,128,18,1152,8,0
947,4.65,74,4.0,5000,6.5,50,14.0,10999,128,18,1152,8,0
948,4.7,82,8.0,6000,6.58,50,14.0,11999,128,18,2592,8,0
949,4.15,75,4.0,5000,6.55,50,12.0,9999,64,33,2592,8,0
950,4.4,75,4.0,5000,6.6,50,12.0,10999,64,33,2656,8,0
951,4.6,66,3.0,5000,6.5,16,12.0,11999,32,10,1152,8,0
952,4.15,69,4.0,4020,6.5,16,12.0,10990,64,10,1152,8,0
953,4.1,72,4.0,5000,6.5,16,12.0,9990,64,47,1152,8,0
954,4.0,67,4.0,5000,6.5,16,12.0,9999,64,18,1152,8,0
955,4.0,70,4.0,5000,6.5,16,11.0,11999,64,18,1152,8,0
956,4.6,75,4.0,5000,6.51,64,11.0,10990,64,15,1152,8,0
957,4.4,84,8.0,6000,6.5,50,14.0,14999,128,33,2592,8,0
958,4.3,84,8.0,6000,6.5,50,13.0,14999,128,33,2592,8,0
959,4.5,84,6.0,6000,6.78,108,11.0,14989,128,20,2656,8,0
960,4.3,77,4.0,6000,6.78,64,11.0,12490,64,20,2656,8,0
961,4.5,83,8.0,6000,6.56,50,13.0,14990,128,33,2592,8,0
962,4.4,78,4.0,5000,6.58,50,13.0,14990,128,67,2592,8,0
963,4.55,73,6.0,5000,6.56,64,14.0,12990,128,33,2073,8,0
964,4.35,78,4.0,5000,6.47,50,12.0,13990,64,20,2592,8,0
965,4.0,81,8.0,5000,6.67,64,14.0,12990,128,44,2592,8,0
966,4.3,80,4.0,5000,6.67,50,14.0,13990,128,33,2592,8,0
967,4.0,71,4.0,5000,6.5,50,13.0,12990,64,15,1152,8,0
968,4.45,76,4.0,5000,6.6,50,12.0,14999,64,33,2656,8,0
969,4.35,70,4.0,5000,6.5,48,11.0,12999,64,47,1152,8,0
970,4.6,78,6.0,5000,6.47,50,11.0,12999,128,20,2592,8,0
971,4.6,65,3.0,5000,6.5,16,10.0,12990,32,47,1152,8,0
972,4.1,85,12.0,6000,6.5,50,14.0,16999,256,33,2592,8,0
973,4.15,86,12.0,5000,6.55,50,13.0,18928,256,30,2592,8,0
974,4.5,85,12.0,6000,6.5,50,13.0,16999,256,33,2592,8,0
975,4.3,86,8.0,5000,6.6,50,12.0,17990,128,30,2592,8,0
976,4.0,83,8.0,4020,6.28,64,12.0,19999,128,33,2600,8,0
977,4.35,86,8.0,6000,6.6,50,15.0,19990,128,33,2592,8,0
978,4.05,86,8.0,5000,6.56,64,13.0,19990,128,44,2592,8,0
979,4.65,82,6.0,5000,6.55,108,12.0,16999,128,33,2592,8,0
980,4.55,83,8.0,5000,6.55,50,12.0,15990,128,47,2592,8,0
981,4.4,77,4.0,5000,6.5,50,13.0,19999,128,30,1152,8,0
982,4.55,76,8.0,6000,6.5,50,14.0,15990,128,44,2592,8,0
983,4.1,75,4.0,5000,6.6,50,14.0,16990,128,18,1160,8,0
984,4.15,75,6.0,5000,6.67,64,14.0,16990,128,33,2592,8,0
985,4.35,74,4.0,5000,6.5,50,13.0,19999,128,30,1152,8,0
986,4.1,75,4.0,5000,6.5,48,13.0,19990,128,15,1152,8,0
987,4.5,84,8.0,5000,6.55,50,13.0,20999,128,68,2592,8,0
988,4.0,85,12.0,5000,6.55,50,13.0,22999,256,68,2592,8,0
989,4.6,87,8.0,4400,6.55,50,13.0,26999,256,68,2592,8,0
990,4.05,87,12.0,5000,6.56,50,14.0,20990,256,67,2592,8,0
991,4.55,78,12.0,5000,6.67,108,14.0,29999,256,80,2592,8,0
992,4.55,86,8.0,5000,6.56,50,13.0,24999,256,68,2592,8,0
993,4.45,86,12.0,5000,6.55,50,14.0,29999,256,30,2592,8,0
994,4.65,85,8.0,4020,6.5,50,12.0,21999,128,33,2592,8,0
995,4.55,81,6.0,5000,6.8,48,11.0,28990,256,47,2592,8,0
996,4.35,83,6.0,4020,6.5,50,12.0,24999,128,33,2592,8,0
997,4.15,87,8.0,4000,6.7,108,11.0,22999,128,30,2656,8,0
998,4.7,83,6.0,5000,6.6,50,12.0,20990,128,30,2592,8,0
999,4.3,85,6.0,5000,6.8,108,11.0,23990,128,33,2656,8,0
1000,4.15,85,8.0,5000,6.7,50,14.0,25999,128,30,2592,8,0
1001,4.65,84,8.0,4500,6.58,50,13.0,29990,128,44,2600,8,0
1002,3.9,82,6.0,5000,6.67,48,10.0,20999,128,20,2592,8,0
1003,4.7,87,8.0,4500,6.7,50,14.0,31999,256,68,3308,8,0
1004,4.65,85,8.0,5000,6.7,50,14.0,34990,128,68,2592,8,0
1005,4.4,88,12.0,4500,6.7,50,14.0,35999,256,125,3308,8,0
1006,4.75,87,8.0,5000,6.7,50,14.0,33499,256,30,2592,8,0
1007,4.4,88,8.0,4400,6.55,50,12.0,30990,128,68,2592,8,0
1008,4.55,89,8.0,4800,6.7,50,12.0,39990,128,68,2592,8,0
1009,4.15,71,6.0,4600,6.58,50,14.0,34990,128,67,2656,8,0
1010,4.65,89,8.0,4600,6.7,50,13.0,39999,128,125,2592,8,0
1011,4.0,85,8.0,4020,6.28,64,12.0,31990,128,68,2592,8,0
1012,4.3,87,12.0,5000,6.7,50,12.0,37999,512,68,2592,8,0
1013,4.35,77,8.0,4400,6.6,50,13.0,39990,256,68,2592,8,0
1014,4.3,83,6.0,5000,6.6,50,13.0,32990,256,20,2592,8,0
1015,4.15,77,8.0,4700,6.67,108,12.0,39990,128,80,2656,8,0
1016,4.2,85,8.0,5000,6.56,50,13.0,35999,256,33,2592,8,0
1017,4.3,84,8.0,5000,6.67,64,12.0,34990,128,68,2656,8,0
1018,4.2,87,8.0,5000,6.6,50,12.0,39990,256,30,2592,8,0
1019,4.5,86,8.0,5000,6.8,50,12.0,37990,256,47,2656,8,0
1020,4.65,92,12.0,5000,6.8,50,14.0,49990,256,135,2592,8,0
1021,4.45,83,12.0,5000,6.78,50,13.0,49990,256,125,2592,8,0
1022,4.15,89,8.0,4200,6.9,50,12.7,44999,256,30,2851,8,0
1023,4.1,89,12.0,5000,6.7,108,10.0,49999,256,18,2527,8,0
1024,4.4,88,8.0,4500,6.67,50,13.0,42990,128,68,2592,8,0
1025,4.75,89,8.0,5000,6.6,50,13.0,49990,128,68,2592,8,0
1026,4.75,91,8.0,4450,6.67,200,12.0,41990,128,125,2592,8,0
1027,4.4,81,6.0,5000,6.58,50,12.0,45990,128,15,2592,8,0
1028,4.25,91,12.0,5000,6.7,50,12.0,46999,256,68,2592,8,0
1029,4.0,86,8.0,5100,6.7,64,11.0,39999,128,47,2721,8,0
1030,4.6,78,8.0,5000,6.67,64,14.0,55990,256,80,2592,8,0
1031,4.15,84,12.0,4600,6.79,50,15.0,59990,512,150,3336,8,0
1032,4.7,89,8.0,4200,6.9,50,12.7,59990,128,44,2851,8,0
1033,4.15,84,12.0,5000,6.82,100,14.0,54990,256,150,2592,8,0
1034,4.0,91,8.0,5100,6.67,50,13.0,54990,512,68,2592,8,0
1035,4.3,92,8.0,4450,6.67,200,12.0,59990,128,125,2527,8,0
1036,4.2,90,8.0,5000,6.7,200,12.0,54990,128,68,2592,8,0
1037,4.05,90,8.0,4500,6.7,200,12.0,59990,128,125,2592,8,0
1038,4.35,93,12.0,4500,6.7,64,14.0,88990,512,125,3308,8,0
1039,4.55,92,8.0,4610,6.67,200,12.0,69999,128,125,2592,8,0
1040,4.2,89,8.0,3800,6.9,50,12.7,69999,256,30,2851,8,0
1041,4.15,86,12.0,4600,6.82,200,15.0,69990,512,150,3336,8,0
1042,4.1,86,12.0,3500,5.0,50,13.0,159990,512,65,2592,8,0
1043,4.7,91,12.0,4000,6.9,50,12.7,89990,256,47,2851,8,0
1044,4.4,92,12.0,4600,6.67,50,13.0,79990,256,125,2592,8,0
1045,4.4,89,8.0,3800,6.9,50,12.7,79990,256,30,2851,8,0
1046,4.1,81,8.0,4000,6.9,50,12.7,74999,256,30,2851,8,0
1047,4.4,91,12.0,4000,6.9,50,12.7,89990,256,47,2851,8,0
1048,4.1,87,8.0,3440,6.67,50,12.7,89990,128,33,2592,8,0
1049,4.0,89,12.0,3500,6.73,50,12.7,129990,512,33,2592,8,0
1050,4.05,90,8.0,4500,6.67,200,12.0,62990,128,125,2592,8,0
1051,4.4,87,12.0,2800,6.7,50,12.7,94990,512,33,2592,8,0
1052,4.25,73,6.0,2510,6.2,50,12.7,149999,128,18,1876,8,0
1053,4.25,69,4.0,6000,6.52,13,10.0,14999,64,18,1123,8,0
1054,4.7,84,8.0,5000,6.7,50,13.0,20000,128,80,2604,8,0
1055,4.25,85,8.0,5000,6.72,108,13.0,16899,128,67,2592,8,0
1056,4.5,86,8.0,5000,6.72,108,13.0,18879,256,67,2592,8,0
1057,4.0,81,6.0,5000,6.59,64,12.0,16134,128,33,2604,8,0
1058,4.6,82,6.0,4500,6.43,64,11.0,18999,128,65,2592,8,0
1059,4.45,75,4.0,5000,6.49,13,11.0,16990,64,18,2592,8,0
1060,4.65,76,4.0,5000,6.72,50,13.0,18999,128,33,2592,8,0
1061,4.15,77,8.0,4300,6.55,48,10.0,19999,128,30,2592,8,0
1062,4.3,75,4.0,5000,6.56,48,12.0,18990,64,33,1160,8,0
1063,4.2,83,8.0,5500,6.7,50,14.0,24454,128,100,2604,8,0
1064,4.4,85,8.0,5000,6.74,50,13.0,29999,128,100,3437,8,0
1065,4.7,84,8.0,5000,6.7,50,13.0,20065,128,80,2604,8,0
1066,4.15,85,8.0,5000,6.74,50,13.0,22592,128,80,3437,8,0
1067,4.7,85,8.0,5000,6.74,108,14.0,20990,128,67,2592,8,0
1068,4.0,84,8.0,5500,6.7,50,14.0,26674,256,100,2604,8,0
1069,4.2,85,12.0,4500,6.43,50,12.0,22999,256,80,2592,8,0
1070,4.6,84,12.0,5500,6.74,50,14.0,23999,256,100,3437,8,0
1071,4.4,85,8.0,4500,6.43,64,11.0,22499,128,65,2592,8,0
1072,4.45,86,8.0,4500,6.55,48,11.0,29990,128,65,2592,8,0
1073,4.1,88,12.0,4500,6.55,48,11.0,29990,256,65,2592,8,0
1074,4.1,87,8.0,5000,6.7,50,14.0,29990,256,80,2604,8,0
1075,4.15,83,8.0,5000,6.59,64,12.0,22990,128,87,2604,8,0
1076,4.45,85,8.0,4500,6.62,50,11.0,29990,128,87,2592,8,0
1077,4.3,84,8.0,5000,6.59,64,12.0,20999,128,33,2604,8,0
1078,4.05,78,8.0,5000,6.78,50,15.0,22990,256,80,2592,8,0
1079,4.5,85,8.0,5000,6.78,108,14.0,24990,128,40,2592,8,0
1080,4.4,87,8.0,5000,6.72,108,13.0,24990,128,67,2592,8,0
1081,4.1,85,8.0,5000,6.59,64,12.0,24999,256,33,2604,8,0
1082,4.35,84,8.0,3800,6.55,48,10.0,29990,128,30,2592,8,0
1083,4.35,85,8.0,5000,6.78,50,14.0,32999,128,120,3437,8,0
1084,4.75,85,8.0,5500,6.78,50,14.0,35990,128,100,3513,8,0
1085,4.55,87,16.0,5000,6.74,50,13.0,35609,256,100,3437,8,0
1086,4.65,89,8.0,5000,6.7,50,12.0,39888,128,80,4631,8,0
1087,4.6,86,12.0,5500,6.78,50,14.0,30999,256,100,3513,8,0
1088,4.15,84,8.0,5000,6.7,50,12.0,30999,128,80,2604,8,0
1089,4.6,85,8.0,4800,6.7,50,12.0,33990,128,150,2604,8,0
1090,4.5,86,12.0,4500,6.43,50,11.0,34999,256,65,2592,8,0
1091,4.75,86,8.0,5000,6.57,64,13.0,34999,128,120,2592,8,0
1092,4.45,87,12.0,4500,6.55,50,11.0,32990,256,87,2592,8,0
1093,4.45,86,12.0,5000,6.74,50,13.0,34990,256,150,3437,8,0
1094,4.2,84,8.0,4500,6.43,50,12.0,29990,128,80,2592,8,0
1095,4.5,87,12.0,5000,6.74,50,13.0,34999,256,100,3437,8,0
1096,4.6,87,16.0,5500,6.78,50,14.0,42437,256,100,3513,8,0
1097,4.5,89,8.0,5000,6.7,50,13.0,43889,128,100,4631,8,0
1098,4.55,86,8.0,5500,6.78,50,14.0,40108,256,100,3513,8,0
1099,4.0,87,8.0,5500,6.81,50,14.0,45990,256,120,3437,8,0
1100,4.05,90,12.0,5000,6.7,50,12.0,47998,256,80,4631,8,0
1101,4.4,92,12.0,6100,6.82,64,14.0,49990,256,100,4003,8,0
1102,4.0,89,12.0,4500,6.7,48,11.0,46990,256,65,4631,8,0
1103,4.25,88,8.0,4500,6.7,48,11.0,41990,128,65,4631,8,0
1104,4.2,85,8.0,5000,6.72,50,13.0,49990,128,150,2604,8,0
1105,4.35,86,12.0,4800,6.7,50,12.0,47990,256,150,2604,8,0
1106,4.6,87,16.0,4800,6.7,50,12.0,43299,256,150,2604,8,0
1107,4.75,85,8.0,4500,6.62,50,12.0,44990,128,87,2604,8,0
1108,4.6,85,12.0,4500,6.62,50,11.0,42999,256,65,2592,8,0
1109,4.45,93,12.0,5400,6.82,64,14.0,58699,256,100,4561,8,0
1110,4.0,90,16.0,5000,6.7,50,13.0,50999,256,100,4631,8,0
1111,4.35,90,16.0,5000,6.7,50,13.0,58990,256,100,4631,8,0
1112,4.4,89,8.0,5000,6.7,64,14.0,59990,128,120,4631,8,0
1113,4.3,85,8.0,4800,6.7,50,12.0,55999,128,150,2604,8,0
1114,4.45,87,12.0,4800,6.7,50,12.0,54999,256,150,2604,8,0
1115,4.35,94,16.0,5400,6.82,64,14.0,63359,512,100,4561,8,0
1116,4.35,85,12.0,5500,6.8,50,15.0,64990,256,120,4561,8,0
1117,4.3,93,12.0,4800,6.73,108,13.0,69999,256,100,4913,8,0
1118,4.1,96,16.0,4805,7.82,50,12.6,129990,512,67,5533,8,0
1119,4.15,86,12.0,4800,6.78,200,14.0,70990,256,200,4913,8,0
1120,4.5,90,8.0,4500,6.7,50,13.0,69999,128,100,4631,8,0
1121,4.35,90,16.0,5000,6.7,50,13.0,59990,256,100,4631,8,0
1122,4.4,89,12.0,4500,6.78,50,12.6,79990,256,67,2721,8,0
1123,4.45,92,12.0,5000,6.7,50,12.0,74999,512,80,4631,8,0
1124,4.45,88,12.0,4000,6.67,48,9.0,62999,256,87,4492,8,0
1125,4.15,90,16.0,5000,6.7,50,13.0,64990,256,100,4631,8,0
1126,4.15,90,16.0,5000,6.7,50,13.0,64990,256,100,4631,8,0
1127,4.7,90,8.0,5000,6.7,50,12.0,69999,128,80,4631,8,0
1128,4.5,73,4.0,5000,6.74,50,13.0,7699,128,18,1152,8,0
1129,4.4,64,3.0,5000,6.71,8,13.0,6999,64,10,1188,8,0
1130,4.6,75,6.0,5000,6.74,50,13.0,8499,128,18,1152,8,0
1131,4.5,71,4.0,5000,6.78,50,13.0,9999,64,38,1188,8,0
1132,4.5,75,4.0,5000,6.79,50,13.0,9190,128,18,2656,8,0
1133,4.7,66,4.0,5000,6.52,8,13.0,7900,64,10,1152,8,0
1134,4.5,66,4.0,5000,6.53,13,11.0,7689,64,38,1152,8,0
1135,4.75,77,6.0,5000,6.79,50,13.0,9999,128,18,2656,8,0
1136,4.4,69,6.0,5000,6.71,8,13.0,8999,128,10,1188,8,0
1137,4.4,67,4.0,5000,6.71,8,13.0,7890,128,10,1188,8,0
1138,4.4,76,6.0,5000,6.58,50,12.0,9998,128,18,2592,8,0
1139,4.6,71,4.0,6000,6.7,50,11.0,8990,64,18,1152,8,0
1140,4.1,75,4.0,4000,6.3,48,11.0,9990,64,18,2527,8,0
1141,4.05,74,6.0,5000,6.71,50,12.0,8499,128,38,1188,8,0
1142,4.0,46,2.0,2100,5.0,13,12.1,9990,64,38,829,4,0
1143,4.25,66,4.0,5000,6.52,8,13.0,7990,64,10,1152,8,0
1144,4.35,68,4.0,5000,6.53,13,10.0,9999,64,38,1152,8,0
1145,4.05,72,4.0,5000,6.71,50,12.0,8980,128,38,1188,8,0
1146,4.55,69,6.0,5000,6.53,13,11.0,7990,128,38,1152,8,0
1147,4.15,61,2.0,5000,6.53,13,11.0,7699,32,38,1152,8,0
1148,3.9,77,4.0,5000,6.67,48,12.0,11159,128,33,2592,8,0
1149,4.5,74,4.0,5000,6.74,50,13.0,10499,128,18,1152,8,0
1150,4.55,75,4.0,5000,6.79,50,13.0,11350,128,18,2656,8,0
1151,4.0,76,6.0,5000,6.74,50,13.0,11999,128,18,1152,8,0
1152,4.55,78,8.0,5000,6.74,50,13.0,10269,256,18,1152,8,0
1153,4.7,79,6.0,5000,6.67,50,13.0,11489,64,33,2592,8,0
1154,4.55,80,6.0,5000,6.43,50,11.0,11425,128,33,2592,8,0
1155,4.75,77,6.0,5000,6.79,50,13.0,9998,128,18,2656,8,0
1156,4.6,75,4.0,5000,6.79,50,13.0,11990,128,18,2656,8,0
1157,4.45,74,4.0,5000,6.58,50,12.0,10490,64,18,2600,8,0
1158,4.3,74,4.0,4030,6.08,48,9.0,11499,64,18,1123,8,0
1159,4.5,76,4.0,5000,6.43,50,11.0,10999,64,33,2592,8,0
1160,4.7,75,4.0,5000,6.74,50,13.0,11999,128,18,1152,8,0
1161,4.55,75,6.0,6000,6.7,50,11.0,10490,128,18,1152,8,0
1162,4.5,74,4.0,6000,6.5,50,11.0,10990,64,18,2592,8,0
1163,4.6,77,8.0,6000,6.7,50,11.0,10949,128,18,1188,8,0
1164,4.75,75,8.0,5000,6.82,108,15.0,14999,128,44,2656,8,0
1165,4.6,80,8.0,5000,6.79,50,13.0,13999,256,18,2656,8,0
1166,4.75,77,6.0,5000,6.79,50,13.0,12120,128,18,2656,8,0
1167,4.65,79,8.0,5000,6.74,50,13.0,13999,256,18,1152,8,0
1168,4.4,80,6.0,5000,6.67,48,12.0,12239,128,33,2592,8,0
1169,4.55,80,6.0,5000,6.43,50,11.0,12428,128,33,2592,8,0
1170,4.4,78,6.0,5000,6.43,64,11.0,13490,64,33,2592,8,0
1171,4.5,77,6.0,5000,6.82,64,14.0,12499,128,33,2656,8,0
1172,4.05,76,4.0,4050,6.53,48,10.0,13999,64,18,2592,8,0
1173,4.05,73,4.0,5000,6.58,13,12.0,12990,128,18,2592,8,0
1174,4.55,75,4.0,5000,6.5,48,11.0,13990,64,18,2592,8,0
1175,4.35,77,6.0,6000,6.53,48,10.0,12990,128,18,2527,8,0
1176,4.5,69,4.0,5000,6.58,50,11.0,13990,128,18,2600,8,0
1177,4.2,84,8.0,5000,6.43,108,11.0,13999,128,33,2592,8,0
1178,4.25,74,4.0,4000,6.3,48,9.0,12990,64,18,2462,8,0
1179,4.0,80,6.0,5000,6.67,50,13.0,13999,128,33,2592,8,0
1180,4.65,73,6.0,5000,6.67,108,11.0,14999,128,67,2592,8,0
1181,4.5,81,6.0,5000,6.67,108,13.0,15898,128,33,2592,8,0
1182,4.55,84,8.0,5000,6.67,108,13.0,18377,256,33,2592,8,0
1183,4.7,85,12.0,5000,6.67,108,13.0,20075,256,33,2592,8,0
1184,4.35,75,4.0,6000,6.67,50,12.0,17990,128,67,2656,8,0
1185,4.2,83,8.0,5000,6.67,48,12.0,17975,256,33,2592,8,0
1186,4.05,83,6.0,5200,6.67,108,11.0,19999,128,33,2592,8,0
1187,4.6,82,8.0,5000,6.73,64,14.0,15990,128,80,2678,8,0
1188,4.2,84,8.0,5000,6.43,108,11.0,14999,128,33,2592,8,0
1189,4.1,81,6.0,5020,6.67,64,11.0,16890,128,33,2592,8,0
1190,4.75,83,6.0,5000,6.67,108,13.0,15990,128,33,2592,8,0
1191,4.15,83,8.0,5000,6.6,50,11.0,18390,128,33,2592,8,0
1192,4.0,81,6.0,5000,6.67,108,11.0,17990,64,67,2592,8,0
1193,4.5,78,6.0,5000,6.43,48,11.0,15499,128,33,2592,8,0
1194,4.1,77,4.0,5020,6.67,48,10.0,15999,128,18,2592,8,0
1195,4.25,85,8.0,5080,6.51,64,13.0,18499,128,67,2656,8,0
1196,4.25,82,6.0,5080,6.6,64,12.0,19990,128,67,2656,8,0
1197,4.6,73,4.0,6000,6.7,50,11.0,14990,128,18,1152,8,0
1198,4.4,78,6.0,5000,6.43,50,12.0,14999,64,33,2592,8,0
1199,4.3,86,12.0,5000,6.67,50,14.0,23990,256,90,3308,8,0
1200,4.1,84,8.0,5100,6.67,200,13.0,22297,128,67,3308,8,0
1201,4.35,87,8.0,5000,6.67,200,13.0,28517,256,120,3308,8,0
1202,4.65,76,8.0,5000,6.74,108,14.0,24990,256,150,2592,8,0
1203,4.7,85,8.0,5100,6.67,200,13.0,24329,256,67,3308,8,0
1204,4.7,85,12.0,5000,6.67,108,13.0,20048,256,33,2592,8,0
1205,4.5,86,12.0,5100,6.67,200,13.0,26479,256,67,3308,8,0
1206,4.65,83,12.0,5000,6.67,64,13.0,27990,256,67,2592,8,0
1207,4.75,79,6.0,5000,6.67,50,12.0,24890,128,67,2592,8,0
1208,4.05,85,12.0,5500,6.67,64,14.0,23999,256,90,3308,8,0
1209,4.35,85,12.0,5000,6.67,50,14.0,29990,256,120,4608,8,0
1210,4.05,83,8.0,5000,6.71,108,13.0,23990,128,38,2656,8,0
1211,4.55,80,6.0,4520,6.67,48,11.0,22499,128,33,2592,8,0
1212,4.65,82,6.0,5080,6.6,64,12.0,27999,128,67,2656,8,0
1213,4.65,86,8.0,4980,6.67,200,12.0,27999,256,120,2592,8,0
1214,4.5,82,8.0,5000,6.67,50,12.0,23999,256,67,2592,8,0
1215,4.6,86,8.0,4250,6.55,64,11.0,24449,128,33,2592,8,0
1216,4.0,81,6.0,5160,6.67,108,11.0,24999,128,67,2592,8,0
1217,4.7,85,8.0,5000,6.67,200,13.0,23990,256,67,2592,8,0
1218,4.0,89,12.0,5000,6.77,50,14.0,34990,512,70,3513,8,0
1219,4.5,85,8.0,5160,6.8,64,12.0,36898,256,45,2592,8,0
1220,4.7,89,12.0,5160,6.8,50,12.0,44949,256,45,2592,8,0
1221,4.5,86,12.0,5500,6.82,50,13.0,49990,256,67,2592,8,0
1222,4.3,89,12.0,5500,6.82,50,13.0,54990,256,67,2592,8,0
1223,4.55,88,8.0,4000,6.9,50,13.1,54999,256,45,2851,8,0
1224,4.3,78,12.0,5500,6.83,64,14.0,52990,256,80,6192,8,0
1225,4.2,82,12.0,5500,6.8,108,14.0,59990,256,120,6192,8,0
1226,4.65,93,12.0,5000,7.85,50,13.0,74999,512,45,4592,8,0
1227,4.4,93,12.0,5000,7.85,50,13.0,69899,512,45,4592,8,0
1228,4.65,93,12.0,5000,7.9,50,13.0,89990,256,66,4592,8,0
1229,4.55,90,12.0,5000,7.11,50,13.0,99990,256,66,3664,8,0
1230,4.25,89,8.0,4000,6.75,50,13.1,89990,256,66,2721,8,0
1231,4.5,57,3.0,4000,6.26,13,8.0,11990,32,63,1094,8,0
1232,4.65,65,8.0,6000,6.75,50,4.0,14990,128,22,1152,8,0
1233,4.35,63,8.0,6000,6.75,48,3.0,14990,128,22,1152,4,0
1234,4.3,66,6.0,5000,6.52,50,2.0,12999,128,22,1152,8,0
1235,4.35,66,6.0,6000,6.75,13,6.5,14990,128,22,1152,4,0
1236,4.15,84,8.0,4000,6.78,108,11.0,19990,128,66,2579,8,0
1237,4.6,80,8.0,5000,6.7,108,4.0,16990,128,40,2579,8,0
1238,4.55,75,4.0,5000,6.67,48,10.0,18499,128,22,2592,8,0
1239,4.05,56,8.0,6000,6.75,13,0.0,15990,128,22,1152,8,4
1240,4.75,66,8.0,5000,6.8,50,3.0,17999,128,40,2579,4,0
1241,4.75,75,8.0,4000,6.6,64,2.0,19990,128,40,2592,8,0
1242,4.25,81,8.0,5000,6.7,108,6.5,24990,256,40,2579,8,0
1243,4.5,83,8.0,4500,6.7,50,0.0,26990,256,66,2614,8,3
1244,4.4,83,8.0,4500,6.67,108,6.5,24990,256,66,2592,8,0
1245,4.65,80,8.0,7000,6.95,50,13.0,23990,128,22,2566,8,0
1247,4.0,80,8.0,5000,6.8,48,6.5,23999,128,40,2579,8,0
1248,4.45,63,4.0,5000,6.52,50,12.0,21990,64,22,1152,8,0
1249,4.75,84,8.0,4500,6.67,108,12.0,23999,256,66,2332,8,0
1250,4.1,84,8.0,4000,6.78,108,11.0,29990,128,66,2579,8,0
1251,4.6,76,8.0,6000,6.75,50,4.0,21990,128,22,1152,8,0
1252,4.15,77,12.0,4500,6.7,50,0.0,29990,256,66,2614,8,4
1253,4.1,85,8.0,4500,6.67,100,4.0,22990,256,66,2592,8,0
1254,4.05,77,8.0,6000,6.75,48,12.0,20990,128,22,1152,8,0
1255,4.3,78,8.0,7000,6.95,50,0.0,20990,128,22,2566,8,3
1256,4.45,74,12.0,4500,6.7,50,0.0,29990,256,66,2614,8,3
1257,4.25,82,8.0,4000,6.67,50,6.5,29990,128,66,2592,8,0
1258,4.1,80,8.0,5000,6.7,50,12.0,22990,128,40,2579,8,0
1259,4.0,80,6.0,4000,6.3,48,10.0,22999,128,63,2592,8,0
1260,4.55,77,12.0,5000,6.56,50,0.0,32990,256,66,2614,8,4
1261,4.55,79,12.0,4600,6.7,50,0.0,34990,256,100,2614,8,4
1262,4.45,86,12.0,5000,6.78,108,0.0,49990,256,120,3397,8,5
1263,4.65,75,12.0,4600,6.76,50,0.0,46990,512,100,3397,8,4
1264,4.45,83,12.0,4600,6.76,50,0.0,46999,256,100,3397,8,4
1265,4.6,75,12.0,4500,6.78,50,0.0,40990,256,100,3182,8,3
1266,4.65,85,8.0,4500,6.78,50,0.0,42990,128,100,3182,8,2
1267,4.35,74,8.0,4460,6.7,50,3.0,45999,128,66,3304,8,0
1268,4.55,87,8.0,4000,6.73,50,6.5,59999,128,40,2592,8,0
1269,4.1,80,8.0,4815,6.67,48,3.0,53990,128,66,3294,8,0
1270,4.5,86,8.0,4000,6.73,50,6.5,59990,128,40,2592,8,0
1271,4.25,76,8.0,4460,6.7,50,3.0,56990,128,66,3304,8,0
1272,4.2,75,12.0,4500,6.78,50,0.0,52990,512,100,3182,8,3
1273,4.75,92,16.0,5200,6.8,50,0.0,115990,512,100,3583,8,4
1274,4.5,83,12.0,5050,6.8,50,0.0,74990,256,100,3583,8,4
1275,4.7,81,12.0,4815,6.67,48,3.0,83999,256,88,3294,8,0
1276,4.45,85,16.0,5050,6.8,50,0.0,93990,512,100,3583,8,4
1277,4.05,88,12.0,5000,6.8,50,5.0,84990,256,100,3170,8,0
1278,4.0,82,12.0,4900,6.6,50,0.0,63990,256,66,3466,8,4
1279,4.15,95,12.0,4500,6.53,40,10.0,214990,512,63,2822,8,0
1280,4.15,95,12.0,5000,6.82,50,4.0,79990,256,88,3170,8,0
1281,4.25,86,8.0,4500,6.76,64,4.0,99990,256,66,4608,8,0
1282,4.3,88,16.0,5500,6.82,50,0.0,129990,512,120,5989,8,5
1283,4.15,82,12.0,4750,6.73,50,4.0,69990,256,100,3268,8,0
1284,4.25,96,16.0,5000,6.82,48,4.0,134990,512,88,3427,8,0
1285,4.3,90,8.0,4400,6.76,50,2.0,69990,128,66,3725,8,0
1286,4.55,94,12.0,4400,6.76,50,10.0,121999,256,66,3725,8,0
1287,4.3,94,12.0,4400,6.76,50,10.0,191999,512,66,3725,8,0
1288,4.65,92,8.0,4200,6.58,50,10.0,82990,256,40,3168,8,0
1289,4.5,85,12.0,4900,6.67,108,0.0,69990,256,66,3466,8,5
1290,4.45,83,12.0,4520,6.94,50,6.5,92990,256,66,3055,8,0
1291,4.6,79,8.0,4520,6.9,50,6.5,79990,128,66,3314,8,0
1292,4.5,92,12.0,5100,6.67,48,4.0,110990,512,80,3294,8,0
1293,4.6,71,6.0,5200,6.56,13,13.0,9990,128,55,1160,8,0
1294,4.2,60,2.0,5000,6.5,8,12.0,8990,32,55,1152,8,0
1295,4.5,68,4.0,5000,6.5,13,11.0,9999,128,55,1152,8,0
1296,4.75,70,6.0,5000,6.5,13,12.0,11999,128,55,1152,8,0
1297,4.25,61,2.0,5000,6.56,13,13.0,10990,32,55,1152,8,0
1298,4.3,73,6.0,5000,6.5,13,11.0,11990,128,22,1152,8,0
1299,4.75,70,4.0,5000,6.5,50,12.0,11999,64,10,1152,8,0
1300,4.2,73,4.0,5200,6.56,50,13.0,12990,128,22,1160,8,0
1301,4.05,80,8.0,4800,6.81,48,11.0,16999,128,66,2579,8,0
1302,4.55,84,8.0,4500,6.7,108,13.0,17990,128,35,2604,8,0
1303,4.45,81,12.0,4500,6.7,108,13.0,18990,256,35,2592,8,0
1304,4.2,76,6.0,4000,6.7,64,11.0,16999,128,22,2579,8,0
1305,4.7,80,8.0,4500,6.7,100,13.0,17990,256,35,2579,8,0
1306,4.35,77,8.0,4000,6.7,50,12.0,17990,128,40,2579,8,0
1307,4.0,77,8.0,4000,6.7,50,12.0,18990,128,40,2579,8,0
1308,4.1,89,8.0,5000,6.7,200,13.0,25499,256,66,3196,8,0
1309,4.1,84,8.0,5800,6.78,108,13.0,21999,256,35,3235,8,0
1310,4.05,75,8.0,4300,6.67,64,11.0,24990,128,66,2527,8,0
1311,4.35,82,8.0,4500,6.7,100,13.0,24990,256,35,2579,8,0
1312,4.55,84,12.0,5800,6.78,108,13.0,23999,256,35,3235,8,0
1313,4.3,76,4.0,5330,6.8,108,13.0,21990,128,55,2604,8,0
1314,4.75,81,8.0,4800,6.7,50,12.0,24990,256,66,2579,8,0
1315,4.15,76,6.0,5100,6.67,50,12.0,23990,128,40,2592,8,0
1316,4.45,81,8.0,4500,7.09,64,12.0,24990,128,67,2592,8,0
1317,4.0,88,8.0,4700,6.7,50,13.0,39999,128,45,2604,8,0
1318,4.4,73,8.0,5000,6.6,50,13.0,7319,128,18,1160,8,0
1319,4.35,75,8.0,5000,6.6,108,13.0,10999,128,18,1160,8,0
1320,4.0,75,6.0,5000,6.6,50,13.0,10749,128,18,1152,8,0
1321,4.2,72,4.0,5000,6.6,50,13.0,10489,64,18,1152,8,0
1322,4.6,69,8.0,5000,6.67,50,14.0,10999,256,45,1180,8,0
1323,4.25,77,8.0,5000,6.78,50,13.0,14499,256,18,2592,8,0
1324,4.7,73,4.0,5000,6.5,50,12.0,8799,128,18,1152,8,0
1325,4.65,77,8.0,5000,6.5,50,12.0,9799,128,18,1152,8,0
1326,4.35,77,8.0,5000,6.58,50,14.0,9990,128,33,1152,8,0
1327,4.6,75,8.0,5000,6.5,50,13.0,7999,128,18,1152,8,0
1328,4.3,75,6.0,5000,6.5,50,12.0,9099,128,18,1152,8,0
1329,4.25,72,4.0,5000,6.5,50,13.0,9999,64,18,1152,8,0
1330,4.5,64,4.0,5000,6.5,13,13.0,6999,64,18,1152,8,0
1331,4.65,66,4.0,5000,6.5,13,13.0,7299,128,18,1152,8,0
1332,4.25,75,8.0,5000,6.5,50,13.0,8346,128,18,1152,8,0
1333,4.3,65,4.0,5000,6.5,13,12.0,6999,64,10,1152,8,0
1334,4.15,72,6.0,5000,6.7,48,15.0,8990,128,33,1152,8,0
1335,4.35,71,6.0,5000,6.6,50,14.0,8499,128,18,1152,8,0
1336,4.1,63,4.0,5000,6.56,13,13.0,6999,64,18,1152,8,0
1337,4.6,75,8.0,5000,6.5,50,12.0,9999,128,18,1152,8,0
1338,4.05,70,6.0,5000,6.5,13,13.0,7949,128,18,1152,8,0
1339,4.3,74,6.0,5000,6.5,50,12.0,8499,128,18,1152,8,0
1340,4.55,64,3.0,5000,6.6,13,13.0,7990,64,18,1152,8,0
1341,4.25,66,4.0,5000,6.5,13,12.0,6999,64,18,1152,8,0
1342,4.0,63,4.0,4000,6.51,50,13.0,9999,64,7,1152,8,0
1343,4.6,77,6.0,4500,6.7,64,12.0,23990,128,18,2579,8,0
1344,4.25,55,2.0,3000,6.0,5,14.0,7990,32,10,589,8,0
1345,4.4,72,4.0,5010,6.75,50,14.0,9990,64,10,1152,8,0
1346,4.0,55,2.0,3000,6.0,8,12.0,7999,32,21,460,4,0
1347,4.5,72,4.0,5000,6.6,50,12.0,9990,64,10,1160,8,0
1348,4.25,57,2.0,5000,6.6,13,13.0,8999,32,10,1160,8,0
1349,4.0,60,3.0,3000,6.0,13,12.9,8990,32,10,1036,8,0
1350,4.05,60,3.0,3000,6.1,13,12.0,7990,32,21,1123,4,0
1351,4.15,65,2.0,5000,6.6,13,12.0,10999,32,10,1152,8,0
1352,4.65,79,8.0,5010,6.6,50,14.0,13999,128,18,1160,8,0
1353,4.3,72,4.0,5010,6.6,50,13.0,13990,64,18,1152,8,0
1354,4.45,75,4.0,5000,6.78,50,14.0,13999,128,33,2656,8,0
1355,4.6,71,4.0,5000,6.75,50,13.0,12990,128,18,1180,8,0
1356,4.3,74,4.0,5010,6.75,50,13.0,13990,128,18,1152,8,0
1357,4.65,67,4.0,4500,6.52,13,11.0,14990,64,21,1152,8,0
1358,4.45,69,4.0,5000,6.56,13,13.0,13990,64,18,1160,8,0
1359,4.65,73,6.0,5000,6.82,50,12.0,14499,64,21,1180,8,0
1360,4.6,78,6.0,5000,6.8,50,14.0,19990,128,33,2880,8,0
1361,4.45,75,6.0,5010,6.6,50,13.0,15990,128,33,1152,8,0
1362,4.3,84,8.0,5010,6.78,50,13.0,17999,256,33,2656,8,0
1363,4.7,71,4.0,5000,6.56,50,13.0,15990,64,18,1160,8,0
1364,4.7,76,4.0,4000,6.81,50,12.0,19990,128,18,2656,8,0
1365,4.05,75,4.0,5000,6.6,50,12.0,18999,64,15,1160,8,0
1366,4.1,80,8.0,5000,6.8,50,14.0,24990,128,33,2880,8,0
1367,4.0,80,6.0,5000,6.6,50,13.0,23990,256,18,1160,8,0
1368,4.5,79,6.0,5000,6.6,50,13.0,22499,256,15,1160,8,0
1369,4.65,93,12.0,4600,10.0,50,13.0,119990,256,67,4138,8,0
